term,z,n_lower,n_upper
cottage,-25.555362806799092,241.0,1585.0
beautiful,-24.10770074922356,1354.0,3309.0
home,-22.433986274567687,3489.0,6282.0
wonderful,-21.868810976372387,1849.0,3854.0
studio,-17.60601753118346,574.0,1529.0
loved,-15.077041667565874,1285.0,2431.0
lovely,-14.747622317470348,1429.0,2611.0
amazing,-14.526614157513462,1163.0,2214.0
fresh,-13.367520948558521,286.0,808.0
welcome,-13.363037318484812,735.0,1509.0
decorated,-13.316404940378902,319.0,860.0
beautifully,-12.843025078352749,84.0,437.0
absolutely,-12.511304129050183,538.0,1163.0
wine,-12.496207377142186,197.0,617.0
coffee,-12.270621730078895,1497.0,2514.0
appointed,-11.979755862386885,181.0,567.0
garden,-11.76409900882491,373.0,870.0
touches,-11.202339479660944,127.0,442.0
fruit,-11.180089342601498,100.0,394.0
snacks,-11.053282944237665,166.0,503.0
perfect,-10.837807585684615,3104.0,4495.0
thoughtful,-10.77190517440063,184.0,522.0
return,-10.655221482061986,294.0,695.0
delicious,-10.569619087399289,178.0,504.0
recommendations,-10.551859769084253,383.0,828.0
feel,-10.340877821039756,1448.0,2305.0
modern,-10.152373129510684,231.0,574.0
stocked,-9.872682038297318,481.0,942.0
breakfast,-9.685401685746347,590.0,1090.0
thought,-9.526090259181373,248.0,576.0
welcoming,-9.514310127592308,1342.0,2106.0
bottle,-9.500634186288904,107.0,345.0
fabulous,-9.485499945909751,150.0,417.0
best,-9.45140341571724,833.0,1417.0
immaculate,-9.31267708288492,76.0,285.0
baked,-9.199354758824917,22.0,196.0
gorgeous,-9.18646415114356,186.0,465.0
cozy,-9.078659148344553,1367.0,2109.0
private,-9.035392768087508,979.0,1591.0
chocolate,-8.937990876362733,76.0,273.0
oasis,-8.653499948790767,57.0,231.0
better,-8.630817048391803,784.0,1304.0
felt,-8.610715313775872,1183.0,1836.0
muffins,-8.586016935736218,33.0,188.0
local,-8.584955998162156,553.0,983.0
incredible,-8.571838923550784,141.0,371.0
truly,-8.513507652427972,216.0,488.0
designed,-8.458205510023319,33.0,184.0
fantastic,-8.42255477938407,924.0,1481.0
delightful,-8.302507413603108,111.0,313.0
amanda's,-8.100455152200087,8.0,168.0
enjoy,-8.069116247291852,354.0,677.0
peaceful,-8.06520961291697,214.0,469.0
spotless,-7.910949101264877,125.0,324.0
treats,-7.756273080321017,38.0,172.0
goodies,-7.693596344933762,32.0,160.0
incredibly,-7.6912238340732975,277.0,550.0
basket,-7.687373757593251,26.0,150.0
possibly,-7.676997955258644,61.0,210.0
suite,-7.630965091233029,242.0,496.0
milk,-7.597379218180598,30.0,154.0
design,-7.594664306538449,33.0,159.0
inviting,-7.513279031896148,163.0,372.0
experience,-7.491622121628755,2415.0,3321.0
exceeded,-7.457645928726538,50.0,185.0
can't,-7.3768981295000975,351.0,645.0
relaxing,-7.336784257933906,218.0,450.0
suggestions,-7.295119816656047,321.0,599.0
expectations,-7.288007175578149,126.0,307.0
flowers,-7.2525628328902165,89.0,246.0
moment,-7.251143920510063,60.0,197.0
special,-7.208450428149077,105.0,271.0
backyard,-7.189313178009751,186.0,397.0
details,-7.174529493166887,153.0,346.0
fireplace,-7.073037623830287,31.0,142.0
treat,-7.042544102470104,69.0,207.0
john's,-7.031499650647815,11.0,114.0
brownies,-6.989143120333411,3.0,190.0
gem,-6.970949363804556,63.0,195.0
greeted,-6.937865403337515,196.0,404.0
provided,-6.884651050406358,1139.0,1671.0
we'll,-6.812275894893714,87.0,231.0
welcomed,-6.798182343062975,287.0,532.0
hospitality,-6.787680960962213,208.0,417.0
homemade,-6.758732441303935,25.0,124.0
we've,-6.7549383670160426,40.0,150.0
favorite,-6.749890397449776,162.0,347.0
fridge,-6.743447774265173,340.0,605.0
guesthouse,-6.680930310837503,3.0,161.0
comfortable,-6.604553858654765,5082.0,6471.0
i've,-6.598378378197233,179.0,368.0
bread,-6.59504064922406,41.0,148.0
making,-6.520326940601886,393.0,670.0
longer,-6.492121298791401,209.0,409.0
attention,-6.419518392204204,97.0,237.0
wow,-6.408187901828974,28.0,121.0
chickens,-6.40101232009084,13.0,97.0
heated,-6.382805203830558,62.0,179.0
impeccably,-6.344196222666571,10.0,93.0
cookies,-6.341051373290507,34.0,130.0
yogurt,-6.320515866627136,16.0,99.0
deck,-6.28735182175172,228.0,430.0
thoughtfully,-6.250657769053181,30.0,121.0
neighborhood,-6.232309983236241,3709.0,4784.0
retreat,-6.225113068037842,77.0,200.0
pleasure,-6.150965319980752,151.0,313.0
providing,-6.06378267543114,134.0,285.0
forward,-6.051119947154922,193.0,372.0
terrific,-6.0378003865941965,120.0,263.0
immaculately,-6.028835780867127,23.0,104.0
excellent,-5.982559292488616,1027.0,1475.0
maps,-5.963505842100936,118.0,258.0
toiletries,-5.9577444159163075,124.0,267.0
gracious,-5.941963656085989,364.0,608.0
scones,-5.859614240868552,13.0,84.0
gave,-5.8444112353408615,890.0,1293.0
wife,-5.833737502759876,266.0,469.0
eggs,-5.761360449399552,53.0,150.0
equipped,-5.634520140595831,371.0,606.0
hideaway,-5.576914456859712,8.0,72.0
selection,-5.5589263066817445,43.0,129.0
queen,-5.555449043620287,246.0,432.0
quiet,-5.552458472613244,2461.0,3215.0
soaking,-5.5446219475451874,9.0,72.0
teas,-5.535334321103315,19.0,87.0
couldn't,-5.52768777362322,492.0,763.0
dream,-5.445730619799546,24.0,94.0
created,-5.432713889715285,23.0,92.0
including,-5.431683764967606,358.0,581.0
pastries,-5.382378989691962,31.0,105.0
tastefully,-5.3675623257426075,63.0,158.0
heartbeat,-5.344419291066031,74.0,175.0
notch,-5.32641131253945,19.0,83.0
gardens,-5.324367561398164,44.0,126.0
future,-5.308711754930998,319.0,524.0
visiting,-5.3057984361414094,555.0,836.0
we're,-5.2902298771325285,108.0,226.0
regret,-5.278003752395098,38.0,115.0
nadine's,-5.24975949743716,14.0,73.0
amenities,-5.245523596211048,636.0,938.0
quality,-5.187357808027862,99.0,210.0
waiting,-5.157338745295877,149.0,283.0
list,-5.148674598634213,134.0,261.0
brewery,-5.142828424801789,14.0,71.0
views,-5.133034399091241,457.0,701.0
bagels,-5.125659519012311,9.0,63.0
extremely,-5.055693651206675,808.0,1148.0
privacy,-5.053534685304673,451.0,690.0
wonderfully,-5.050773039543442,64.0,153.0
relax,-5.020030396151562,162.0,298.0
andrea's,-5.017159459559859,3.0,65.0
impeccable,-4.996250785523681,12.0,65.0
information,-4.989725770838536,479.0,724.0
exceptional,-4.9213160727332355,39.0,110.0
stunning,-4.906827200099684,52.0,131.0
plate,-4.871071987759799,3.0,60.0
card,-4.869619948514877,33.0,99.0
spotlessly,-4.830812051158474,34.0,100.0
wish,-4.826980703847805,240.0,401.0
charming,-4.820697129360863,412.0,630.0
granola,-4.8206431223065795,19.0,74.0
outstanding,-4.781447375692892,51.0,127.0
wait,-4.779766403253528,130.0,246.0
fully,-4.769354818311686,199.0,343.0
chocolates,-4.754384401931426,36.0,102.0
need,-4.74726290262679,1418.0,1887.0
comfort,-4.722143313293521,90.0,186.0
cream,-4.696674138639624,52.0,127.0
yummy,-4.676260105650179,46.0,117.0
shawn's,-4.634421629577496,4.0,50.0
superb,-4.626124197834798,56.0,132.0
craftsman,-4.5861701167456355,9.0,53.0
space,-4.571182538540791,2794.0,3532.0
robes,-4.5568207724630545,8.0,51.0
goods,-4.54585476721262,13.0,59.0
residential,-4.544766474207644,146.0,263.0
imagine,-4.5432369274975,57.0,132.0
happier,-4.542220188276121,34.0,95.0
warm,-4.538704472224783,876.0,1207.0
away,-4.533827072208677,1606.0,2102.0
banana,-4.527058209797712,6.0,48.0
orange,-4.510219541530743,11.0,55.0
tips,-4.488460625708628,264.0,423.0
spectacular,-4.467344263972585,91.0,182.0
detached,-4.463869330804333,3.0,48.0
book,-4.463252182542358,360.0,549.0
sean's,-4.45884025998623,4.0,46.0
setting,-4.426455049646193,61.0,136.0
hotel,-4.4242312431503,488.0,713.0
dinner,-4.423618744700939,212.0,351.0
stars,-4.412520969871789,71.0,151.0
ideas,-4.4086401135250055,44.0,109.0
places,-4.407387110543265,980.0,1329.0
snack,-4.404487705531052,20.0,69.0
comforts,-4.398314595288525,41.0,104.0
knowledge,-4.398314595288525,41.0,104.0
rooftop,-4.39526259898294,103.0,198.0
jeff's,-4.378681187080751,8.0,48.0
justice,-4.371373983406687,52.0,121.0
luxurious,-4.368115330237682,37.0,97.0
skylights,-4.365269261861983,4.0,44.0
delight,-4.360717352639135,31.0,87.0
accommodations,-4.3435101034805,290.0,453.0
sauna,-4.337445727560425,12.0,54.0
area,-4.331422692218675,2385.0,3024.0
teeny,-4.32899344241127,1.0,83.0
personal,-4.305634853595887,131.0,236.0
madrona,-4.300300581976231,10.0,50.0
happily,-4.2993238398837486,58.0,129.0
absolute,-4.2802003437065865,33.0,89.0
renovated,-4.2802003437065865,33.0,89.0
advice,-4.279918276100799,150.0,262.0
ensure,-4.271009195601671,38.0,97.0
look,-4.235643657690337,330.0,502.0
generous,-4.230716733000347,148.0,258.0
filled,-4.188489682594535,80.0,160.0
sweet,-4.178546493196911,401.0,592.0
mark's,-4.1704600267330285,14.0,55.0
french,-4.162185830405318,41.0,100.0
tranquil,-4.147353675117445,9.0,46.0
anniversary,-4.13621108139922,12.0,51.0
plush,-4.12340767914699,6.0,41.0
magazines,-4.121944568329724,19.0,63.0
beverages,-4.092343591155427,21.0,66.0
stylish,-4.092135406754513,43.0,102.0
michelle's,-4.084922010607385,2.0,43.0
highest,-4.0732980365937355,5.0,39.0
birthday,-4.063934481484316,29.0,79.0
hilltop,-4.049857136765544,2.0,42.0
juice,-4.039167951015113,36.0,90.0
wished,-4.0266957989782854,38.0,93.0
beauty,-4.013659050089319,13.0,51.0
beer,-4.007608315486794,116.0,208.0
nicely,-3.989815855401602,281.0,430.0
phinney,-3.980582240505605,31.0,81.0
lush,-3.9781249871887217,15.0,54.0
cheese,-3.9758408284873146,22.0,66.0
greenlake,-3.971150040273142,70.0,141.0
cats,-3.9643679312965467,131.0,228.0
guide,-3.931284711001353,78.0,152.0
freshly,-3.9129318422654253,19.0,60.0
tub,-3.901186000681434,202.0,323.0
beginning,-3.898038029717744,47.0,105.0
homes,-3.87638394840744,44.0,100.0
restaurants,-3.8724617469314073,2453.0,3068.0
sad,-3.8412672618396133,19.0,59.0
books,-3.8387261263499144,136.0,232.0
tour,-3.8273474197653377,202.0,321.0
oatmeal,-3.820331016109896,5.0,35.0
elegant,-3.8133018502561056,10.0,43.0
organic,-3.8024205204202604,50.0,108.0
visits,-3.7869217077071315,43.0,97.0
decor,-3.762771612359201,163.0,267.0
balance,-3.756840933470036,11.0,44.0
trees,-3.741847461751621,60.0,122.0
thanksgiving,-3.7412692392298537,24.0,66.0
breathtaking,-3.729166653442439,29.0,74.0
warmly,-3.711646921922296,51.0,108.0
enjoying,-3.7107442826573576,53.0,111.0
keurig,-3.6975602890757533,8.0,38.0
west,-3.6917937724197865,204.0,320.0
volunteer,-3.6665786673209113,41.0,92.0
fruits,-3.643823412143451,20.0,58.0
sheldon's,-3.6415200900508498,13.0,46.0
mountains,-3.637366056041161,40.0,90.0
experiences,-3.6301102123473297,62.0,123.0
nestled,-3.6272857709100053,16.0,51.0
patrick's,-3.621493632397629,12.0,44.0
boat,-3.6054329611287583,15.0,49.0
pond,-3.59782680064472,7.0,35.0
recommending,-3.576859698458697,31.0,75.0
pristine,-3.562831082733654,13.0,45.0
outdoor,-3.5523568824817224,88.0,159.0
outfitted,-3.5497140787875443,16.0,50.0
brand,-3.5294011890098083,49.0,102.0
nicest,-3.5266007341869003,34.0,79.0
products,-3.5185657775702444,21.0,58.0
friends,-3.51694572329467,547.0,751.0
activities,-3.5128025974364587,105.0,182.0
maintained,-3.5053173554338417,108.0,186.0
jacuzzi,-3.5013976856027025,10.0,39.0
die,-3.5013976856027025,10.0,39.0
dining,-3.497940736673543,192.0,299.0
tasteful,-3.4925604105700083,20.0,56.0
simply,-3.4916642366438997,86.0,155.0
newly,-3.4905473998355903,28.0,69.0
chatting,-3.4905473998355903,28.0,69.0
adorable,-3.4854337639345605,235.0,355.0
start,-3.481306518817447,131.0,217.0
travel,-3.478347076802382,280.0,413.0
attractive,-3.4776933491265374,25.0,64.0
enjoyable,-3.4717321116751676,191.0,297.0
hesitation,-3.46675641300727,32.0,75.0
extended,-3.4383377306237013,52.0,105.0
binder,-3.436037381840103,44.0,93.0
we'd,-3.429158448879146,140.0,228.0
croissants,-3.4189343431202195,10.0,38.0
bakery,-3.4088330029480196,95.0,166.0
orca,-3.3981559902962664,9.0,36.0
creating,-3.3981559902962664,9.0,36.0
attentive,-3.394375239051118,191.0,295.0
warmth,-3.3883401935773105,19.0,53.0
cereal,-3.3782595186990045,12.0,41.0
breweries,-3.365278033096989,31.0,72.0
cabin,-3.3601844205728026,133.0,217.0
complimentary,-3.358213051212623,26.0,64.0
appreciated,-3.353497932695864,575.0,779.0
washington,-3.3510892977627464,185.0,286.0
parents,-3.3485348840992875,106.0,180.0
interior,-3.3385386300134674,45.0,93.0
upscale,-3.3350816126043488,17.0,49.0
left,-3.33263201167273,956.0,1243.0
style,-3.3240811049454946,84.0,149.0
shop,-3.322198384952009,197.0,301.0
personalized,-3.31309769269424,9.0,35.0
miss,-3.312204028323322,70.0,129.0
healthy,-3.3088105012505573,16.0,47.0
amazingly,-3.3065214531350606,46.0,94.0
impressed,-3.2959277757491074,66.0,123.0
watching,-3.2794677434485044,69.0,127.0
memorable,-3.2738004333466844,39.0,83.0
highlights,-3.2572369896992286,14.0,43.0
extras,-3.251636460510679,52.0,102.0
hesitate,-3.251589624891011,117.0,193.0
bath,-3.225258409698381,250.0,367.0
shops,-3.2131561485915126,952.0,1232.0
class,-3.2068234318366304,26.0,62.0
brilliant,-3.1987274820236506,18.0,49.0
bright,-3.172408179510932,161.0,250.0
introduced,-3.169733961514622,17.0,47.0
butter,-3.159438654102306,10.0,35.0
could've,-3.1409186344127558,16.0,45.0
thoroughly,-3.1344679705475538,136.0,216.0
kim's,-3.1189996942763325,12.0,38.0
spoiled,-3.1189996942763325,12.0,38.0
bowl,-3.1123369977424007,15.0,43.0
refrigerator,-3.1102190115736312,100.0,167.0
extra,-3.0867306420652456,392.0,542.0
offering,-3.078572105334497,47.0,92.0
organized,-3.0717851557652853,202.0,301.0
addition,-3.055006221395055,92.0,155.0
island,-3.043106076827329,28.0,63.0
umbrellas,-3.0286637817210993,12.0,37.0
items,-3.026860000202077,156.0,240.0
enjoyed,-3.0220948184180845,1826.0,2262.0
junction,-3.001717627610818,11.0,35.0
talk,-2.980765220809952,166.0,252.0
complete,-2.9674251884509824,108.0,175.0
celebrate,-2.9653001276542783,13.0,38.0
honeymoon,-2.9653001276542783,13.0,38.0
bakeries,-2.946727331266132,23.0,54.0
ridge,-2.946727331266132,23.0,54.0
darling,-2.936227370789832,12.0,36.0
trips,-2.930289294202173,64.0,114.0
high,-2.920764392015518,223.0,324.0
various,-2.918787061359667,62.0,111.0
morning,-2.912359166427197,772.0,1000.0
letter,-2.907656671434519,11.0,34.0
press,-2.8921490757657526,26.0,58.0
fortunate,-2.879685838175782,10.0,32.0
smart,-2.8754078711529543,21.0,50.0
champagne,-2.872437532061324,13.0,37.0
detailed,-2.85965459214408,149.0,227.0
drive,-2.854007259635756,478.0,640.0
arrival,-2.850170805454544,845.0,1085.0
sparkling,-2.8393301912892346,20.0,48.0
feels,-2.8271886496119047,132.0,204.0
hostess,-2.8259246756071943,214.0,310.0
abil,-2.819399313283431,0.0,251.0
cared,-2.8064017941312653,34.0,69.0
reading,-2.8029387329296167,72.0,123.0
taste,-2.800693242132151,45.0,85.0
path,-2.800693242132151,45.0,85.0
blown,-2.7813986125714942,10.0,31.0
spent,-2.773450125316861,316.0,437.0
ferry,-2.770456577543575,63.0,110.0
roof,-2.7682464592922407,79.0,132.0
beers,-2.7656034615260428,31.0,64.0
certainly,-2.75820616048089,195.0,284.0
tucked,-2.757190061515865,56.0,100.0
sure,-2.754349064001025,1084.0,1366.0
keyless,-2.740797018957593,22.0,50.0
drinks,-2.7357758179491674,116.0,181.0
getaway,-2.732120400223604,98.0,157.0
touch,-2.731643156299561,305.0,422.0
kitchenette,-2.7308991006667633,45.0,84.0
genuinely,-2.7284736758972867,26.0,56.0
giving,-2.7199620489939123,117.0,182.0
nicer,-2.7158887300110934,76.0,127.0
ravenna,-2.715380926581394,14.0,37.0
holidays,-2.712266437623055,11.0,32.0
magical,-2.712266437623055,11.0,32.0
returning,-2.706395442112276,71.0,120.0
tasty,-2.69956083931597,37.0,72.0
eat,-2.6991495103949674,495.0,655.0
care,-2.6920526157654865,254.0,357.0
intrusive,-2.6909197810551655,44.0,82.0
guidebook,-2.6802796442636407,13.0,35.0
bike,-2.6795131230774176,126.0,193.0
obvious,-2.662497128681389,20.0,46.0
borrow,-2.6553999455336865,15.0,38.0
effort,-2.654129366786947,50.0,90.0
troll,-2.645347628858428,12.0,33.0
awesome,-2.6247441943245344,1084.0,1359.0
furnished,-2.6182053983109395,227.0,321.0
unforgettable,-2.6106967024791556,11.0,31.0
availability,-2.6034732782474723,25.0,53.0
foods,-2.5915851986971563,68.0,114.0
gives,-2.589505610308225,45.0,82.0
offer,-2.586558370688726,185.0,267.0
strongly,-2.5674064205975937,41.0,76.0
escape,-2.565012098234047,22.0,48.0
carol's,-2.558202121554683,15.0,37.0
honestly,-2.545685228841346,54.0,94.0
amenity,-2.53960439496405,35.0,67.0
puget,-2.5310041615693812,52.0,91.0
added,-2.517377807348683,114.0,174.0
boyfriend,-2.5011831415359294,189.0,270.0
homey,-2.491708515240367,129.0,193.0
completely,-2.4915868840567255,175.0,252.0
kelly's,-2.487796270292719,18.0,41.0
inspiring,-2.4789045461109307,13.0,33.0
sunrise,-2.4789045461109307,13.0,33.0
sitting,-2.478205640242286,110.0,168.0
finish,-2.4750067603878385,22.0,47.0
hike,-2.47443609853968,26.0,53.0
view,-2.473088930712919,1266.0,1566.0
overlooking,-2.4598784807372494,47.0,83.0
available,-2.45245488865716,951.0,1192.0
beach,-2.448447835269176,245.0,339.0
fish,-2.4449124507895386,17.0,39.0
conversations,-2.444146768819037,58.0,98.0
kindness,-2.4358360499299803,19.0,42.0
greeting,-2.428910202737571,23.0,48.0
recommendation,-2.4166685172623326,46.0,81.0
pictures,-2.409974240604238,499.0,649.0
notes,-2.401196848639008,74.0,119.0
grill,-2.3991723359985953,30.0,58.0
pride,-2.3991406065328045,11.0,29.0
forget,-2.3876896080703873,42.0,75.0
listening,-2.374497248678645,13.0,32.0
knows,-2.3738491428754998,40.0,72.0
variety,-2.3727619199983208,45.0,79.0
stays,-2.372081062683564,61.0,101.0
pleasantly,-2.3711724933238036,33.0,62.0
date,-2.3605458403193835,38.0,69.0
travels,-2.36034759582387,48.0,83.0
provides,-2.3329307312107703,123.0,182.0
numerous,-2.328512521631593,39.0,70.0
knowledgeable,-2.3165543354926474,55.0,92.0
restaurant,-2.3034268723508706,270.0,366.0
kinds,-2.2990528028134314,26.0,51.0
secluded,-2.2990528028134314,26.0,51.0
arboretum,-2.2931152442315654,18.0,39.0
words,-2.290559782820759,22.0,45.0
hoped,-2.2884181667261676,48.0,82.0
imagined,-2.267455938421432,13.0,31.0
begin,-2.242039138109235,19.0,40.0
considerate,-2.237604044584209,92.0,140.0
visited,-2.2368660259777657,102.0,153.0
patio,-2.227028942323707,275.0,370.0
eateries,-2.2254897510001763,83.0,128.0
efficient,-2.194893666110649,69.0,109.0
forgotten,-2.1928789045576687,20.0,41.0
eric's,-2.1928789045576687,20.0,41.0
course,-2.1810964260791814,92.0,139.0
caring,-2.1579042687971834,53.0,87.0
comforting,-2.157655413563569,13.0,30.0
spices,-2.1572147089268845,32.0,58.0
collection,-2.155069159560186,37.0,65.0
kevin's,-2.1455313001402545,21.0,42.0
freemont,-2.143266491004561,30.0,55.0
impressive,-2.1426643617960943,17.0,36.0
genuine,-2.1426643617960943,17.0,36.0
telling,-2.1426643617960943,17.0,36.0
world,-2.1289970390630737,63.0,100.0
games,-2.1289970390630737,63.0,100.0
doubt,-2.12351204670826,38.0,66.0
surrounding,-2.122553681193199,150.0,212.0
info,-2.12082340004685,154.0,217.0
plan,-2.1103971964295916,199.0,273.0
phenomenal,-2.107045618309095,31.0,56.0
boats,-2.090669512934084,18.0,37.0
natural,-2.073707136977464,102.0,150.0
soaps,-2.0666219470337115,25.0,47.0
included,-2.0618984438666534,132.0,188.0
porch,-2.058130054601261,96.0,142.0
delighted,-2.055880491561999,23.0,44.0
supplied,-2.0467952302728514,70.0,108.0
cut,-2.0449620816114367,13.0,29.0
guides,-2.042833157290675,38.0,65.0
locals,-2.0407934440954967,19.0,38.0
fluffy,-2.040508140024303,28.0,51.0
recently,-2.0391785642506726,61.0,96.0
unwind,-2.0386220023019717,15.0,32.0
oriented,-2.0386220023019717,15.0,32.0
assortment,-2.0376578988564074,17.0,35.0
possible,-2.010623397200156,136.0,192.0
far,-1.998134276637783,430.0,551.0
lighting,-1.9945451887536418,48.0,78.0
busses,-1.9929080806862052,20.0,39.0
trails,-1.9919375595639734,37.0,63.0
pleased,-1.9891279960699753,130.0,184.0
farmer's,-1.9863557135100982,18.0,36.0
yoga,-1.9716302378144681,35.0,60.0
energy,-1.9716009106371502,46.0,75.0
separate,-1.9619097229395333,136.0,191.0
trendy,-1.9612945583482533,38.0,64.0
entire,-1.949337543411293,238.0,317.0
try,-1.9487784195689335,203.0,274.0
birds,-1.9372124842795844,19.0,37.0
shampoo,-1.9367290502840566,154.0,213.0
wood,-1.9313778856081973,39.0,65.0
exciting,-1.9292332881668104,13.0,28.0
personable,-1.921539422838804,45.0,73.0
union,-1.9138726220763589,132.0,185.0
gas,-1.9122623280863533,67.0,102.0
ask,-1.9089681337846418,216.0,289.0
won't,-1.8883660787423353,96.0,139.0
placed,-1.8867601215077978,35.0,59.0
ferries,-1.8798785423662956,18.0,35.0
walks,-1.8791788149989808,72.0,108.0
northwest,-1.8766020180091634,25.0,45.0
readily,-1.8708950559044784,53.0,83.0
someday,-1.8697151249658988,14.0,29.0
set,-1.8682157381935842,372.0,477.0
romantic,-1.8600169651174212,23.0,42.0
highlight,-1.8555906748090605,36.0,60.0
olympic,-1.8555906748090605,36.0,60.0
lunch,-1.8555906748090605,36.0,60.0
seriously,-1.8494527109327599,39.0,64.0
exceptionally,-1.8437861901079557,48.0,76.0
asked,-1.8394636717194495,337.0,434.0
mother,-1.8316704015820409,78.0,115.0
sights,-1.823342166403917,104.0,148.0
dryer,-1.8223131710588745,320.0,413.0
write,-1.8207534101298586,17.0,33.0
handy,-1.8119448714074848,101.0,144.0
boot,-1.8103165967402537,13.0,27.0
picturesque,-1.8103165967402537,13.0,27.0
year,-1.7940267103371552,167.0,226.0
mom,-1.7867817774530843,77.0,113.0
terrace,-1.7861732135977508,30.0,51.0
cafes,-1.7849174629128461,221.0,292.0
airy,-1.7674175845278786,48.0,75.0
sarah's,-1.7634410315997215,28.0,48.0
sunsets,-1.7596590391279894,16.0,31.0
coolest,-1.7596590391279894,16.0,31.0
shampoos,-1.7596590391279894,16.0,31.0
supplies,-1.7534882693825131,105.0,148.0
nan's,-1.7526094781541957,0.0,97.0
effortless,-1.7517772208912326,14.0,28.0
airstream,-1.7510854882931766,129.0,178.0
bustle,-1.7429319725053516,49.0,76.0
slippers,-1.7409296507746108,21.0,38.0
yard,-1.7382978929091195,199.0,264.0
groceries,-1.734151896625127,80.0,116.0
craig's,-1.7252928304416004,0.0,94.0
interested,-1.7239516264413735,53.0,81.0
english,-1.7237769456655316,19.0,35.0
bridge,-1.7193931598289298,32.0,53.0
guys,-1.7170439713531154,81.0,117.0
respite,-1.7086709246828826,17.0,32.0
neighborhoods,-1.7007681785368942,185.0,246.0
introduction,-1.6983412374970226,22.0,39.0
luxury,-1.6953739484380626,51.0,78.0
know,-1.6948908902233994,534.0,664.0
seating,-1.6938834255577861,30.0,50.0
drink,-1.6880880524483621,130.0,178.0
hustle,-1.6864875654181588,45.0,70.0
ample,-1.6834907686116023,110.0,153.0
informative,-1.6792218712156253,87.0,124.0
bonus,-1.6720229358137322,188.0,249.0
siena's,-1.6693193617882889,0.0,88.0
bainbridge,-1.660102394923886,18.0,33.0
sign,-1.65741225915382,23.0,40.0
assistant,-1.643884883745956,16.0,30.0
entry,-1.6430177388107512,113.0,156.0
carriage,-1.635049942555297,21.0,37.0
preparing,-1.6306850916540352,14.0,27.0
greet,-1.6306604751323581,75.0,108.0
seattle's,-1.6288079626947969,110.0,152.0
peace,-1.6284600078861917,32.0,52.0
lounge,-1.6282447315385482,41.0,64.0
brunch,-1.6261302363897634,35.0,56.0
reached,-1.6261302363897634,35.0,56.0
entrance,-1.6234243547718656,250.0,323.0
features,-1.6066632012279733,45.0,69.0
makes,-1.6010922492173392,248.0,320.0
record,-1.5971659047305276,33.0,53.0
quarters,-1.5934224421537166,22.0,38.0
hal's,-1.581650219159535,0.0,79.0
mile,-1.580444641119167,122.0,166.0
golden,-1.5801088799241805,25.0,42.0
useful,-1.5779206149969862,118.0,161.0
tell,-1.57445844627007,131.0,177.0
gillian's,-1.5716074137957556,0.0,78.0
rochelle's,-1.5716074137957556,0.0,78.0
knowledgable,-1.5695030800615324,20.0,35.0
piece,-1.5695030800615324,20.0,35.0
linens,-1.5635378059200418,145.0,194.0
transportation,-1.5562293603105097,436.0,543.0
sound,-1.5551728413329895,196.0,256.0
locally,-1.5466271090145163,18.0,32.0
toddler,-1.537178193796938,35.0,55.0
lodging,-1.5363450070078333,32.0,51.0
shannon's,-1.530777593084499,0.0,74.0
frequent,-1.5271512491851424,21.0,36.0
choice,-1.5258516663895236,162.0,214.0
years,-1.5216562091113368,70.0,100.0
hands,-1.5188972017267264,42.0,64.0
written,-1.5083999522961966,36.0,56.0
keeps,-1.5082553953677842,27.0,44.0
considered,-1.5062841233802975,14.0,26.0
resources,-1.5062841233802975,14.0,26.0
nature,-1.5054813307987507,30.0,48.0
thrilled,-1.5014597858634426,19.0,33.0
vegan,-1.5014597858634426,19.0,33.0
explore,-1.4891864703934237,351.0,440.0
discover,-1.4865746528283892,22.0,37.0
certain,-1.4865746528283892,22.0,37.0
essentials,-1.484871952834694,100.0,137.0
meal,-1.4831237452981487,96.0,132.0
prepare,-1.4782744218397808,47.0,70.0
attended,-1.4780458570690438,25.0,41.0
extensive,-1.476746986333677,17.0,30.0
joe's,-1.4689016140964937,44.0,66.0
heading,-1.4689016140964937,44.0,66.0
debbie's,-1.4674046699093757,0.0,68.0
mention,-1.4670151639789546,114.0,154.0
roomy,-1.4527138794475811,94.0,129.0
treated,-1.447646979058153,23.0,38.0
creative,-1.4412057362158401,29.0,46.0
kerry's,-1.423589895268053,0.0,64.0
sandy's,-1.423589895268053,0.0,64.0
help,-1.422971639286715,439.0,542.0
umbrella,-1.4080468166453897,27.0,43.0
cares,-1.4037884489871453,16.0,28.0
what's,-1.4037884489871453,16.0,28.0
needed,-1.3990107486077363,2285.0,2679.0
popular,-1.3862305367763303,44.0,65.0
navigate,-1.3759876134039741,59.0,84.0
feeling,-1.3747401907109358,126.0,167.0
eye,-1.3742893952098263,25.0,40.0
allowing,-1.3723773274915274,63.0,89.0
furnishings,-1.369639676537729,79.0,109.0
offered,-1.3551415801864444,319.0,398.0
partner,-1.35205114928099,72.0,100.0
accomodations,-1.3449460766301846,20.0,33.0
respected,-1.339659785290653,26.0,41.0
unexpected,-1.3390938842995006,39.0,58.0
scooter's,-1.3316431567878768,0.0,56.0
directions,-1.3167312432458247,266.0,334.0
opportunity,-1.3156876167314941,104.0,139.0
they're,-1.3137788650711404,40.0,59.0
camping,-1.3120278827653107,18.0,30.0
facing,-1.3120278827653107,18.0,30.0
sushi,-1.3120278827653107,18.0,30.0
destination,-1.3120278827653107,18.0,30.0
keypad,-1.3120278827653107,18.0,30.0
journey,-1.3120278827653107,18.0,30.0
tip,-1.30627770651008,27.0,42.0
share,-1.2921958536808644,124.0,163.0
cosy,-1.2836045353952144,111.0,147.0
stroll,-1.2796771793535635,45.0,65.0
airbnbs,-1.279213068156694,16.0,27.0
thumbs,-1.2687906408332859,25.0,39.0
ability,-1.266839072271553,22.0,35.0
gone,-1.26596455527739,57.0,80.0
trail,-1.263056621163397,86.0,116.0
chat,-1.2618208810131406,122.0,160.0
east,-1.246825702505947,58.0,81.0
judith's,-1.2456354493593182,0.0,49.0
angela's,-1.230269161491612,23.0,36.0
records,-1.229183248075227,20.0,32.0
suggested,-1.2287290046035726,55.0,77.0
cooked,-1.2280169019912208,59.0,82.0
showed,-1.2198646555636716,253.0,316.0
comfy,-1.2106706905853677,736.0,881.0
meeting,-1.208943394391944,146.0,188.0
wedding,-1.2080856284960393,151.0,194.0
relaxed,-1.2060433453396902,90.0,120.0
spacious,-1.2040779180889543,1003.0,1190.0
surprised,-1.200012606395955,86.0,115.0
regular,-1.19702023405078,34.0,50.0
hello,-1.1951916751098757,24.0,37.0
hairdryer,-1.1906432587062241,21.0,33.0
hangers,-1.1906432587062241,21.0,33.0
traveling,-1.1885533064890401,252.0,314.0
hotels,-1.185544685835508,96.0,127.0
exploring,-1.1773930959833374,320.0,394.0
lights,-1.1734660929364018,62.0,85.0
you'd,-1.1636663155401643,71.0,96.0
tired,-1.1614991225677824,25.0,38.0
loads,-1.1614037595593683,39.0,56.0
grateful,-1.1558750919923408,63.0,86.0
choices,-1.1555245474757363,32.0,47.0
pics,-1.1514390328210555,16.0,26.0
ease,-1.137788265129787,77.0,103.0
player,-1.1281744551961128,33.0,48.0
waking,-1.1193919924706959,37.0,53.0
stellar,-1.1185750374616668,23.0,35.0
respectful,-1.1151246029326167,83.0,110.0
true,-1.1146860121465278,111.0,144.0
lined,-1.1109853669863434,20.0,31.0
sweetest,-1.1109853669863434,20.0,31.0
perk,-1.107805188210019,17.0,27.0
ambiance,-1.107805188210019,17.0,27.0
insight,-1.107805188210019,17.0,27.0
advantage,-1.103618640446246,93.0,122.0
daughter's,-1.0978893076822525,27.0,40.0
conveniences,-1.0978893076822525,27.0,40.0
leading,-1.092585733402347,54.0,74.0
add,-1.092585733402347,54.0,74.0
i'll,-1.0883994726776454,138.0,176.0
biking,-1.08479242189664,24.0,36.0
surprise,-1.0787012586315965,81.0,107.0
built,-1.0758662870895845,35.0,50.0
excited,-1.0678041102776485,28.0,41.0
anybody,-1.0678041102776485,28.0,41.0
greatly,-1.0632014529583333,73.0,97.0
residence,-1.0570878481796335,32.0,46.0
famous,-1.0523627442710026,25.0,37.0
plenty,-1.0510027565018494,929.0,1097.0
word,-1.0508231859690411,36.0,51.0
immediate,-1.0472645720254947,44.0,61.0
sightseeing,-1.045631424255889,88.0,115.0
taxi,-1.045631424255889,88.0,115.0
base,-1.0399237380875537,185.0,231.0
you'll,-1.0369945955344453,138.0,175.0
followed,-1.0274276642764997,19.0,29.0
counter,-1.0264692330361669,37.0,52.0
zoo,-1.0260130321097938,45.0,62.0
eager,-1.0203216637660473,16.0,25.0
arrived,-1.013381079322521,1073.0,1261.0
attached,-1.0052343988680472,46.0,63.0
visitors,-0.9889892781779469,78.0,102.0
pass,-0.9821213665793345,88.0,114.0
christmas,-0.9814646147843092,43.0,59.0
leaves,-0.9801314705827631,35.0,49.0
museums,-0.9724034577586858,24.0,35.0
monorail,-0.9707628797918326,52.0,70.0
instant,-0.9548791639389353,21.0,31.0
unobtrusive,-0.9548791639389353,21.0,31.0
invited,-0.9423622833410349,58.0,77.0
loves,-0.9413277925509584,25.0,36.0
decorating,-0.939441346267376,18.0,27.0
plus,-0.9361347297618172,448.0,536.0
taken,-0.9360466989560453,122.0,154.0
hospitable,-0.9351366661389312,198.0,244.0
packed,-0.9343634346213912,29.0,41.0
round,-0.921121488129982,22.0,32.0
end,-0.9106362988433765,253.0,308.0
hiking,-0.9095549582117396,38.0,52.0
goes,-0.9053824909571271,94.0,120.0
weeks,-0.9047486636664852,125.0,157.0
anytime,-0.902787658696547,65.0,85.0
permit,-0.902240277704078,19.0,28.0
walked,-0.9008985804029984,418.0,500.0
brief,-0.8956713795264685,75.0,97.0
kindly,-0.8920939408437106,61.0,80.0
american,-0.8857086260190693,16.0,24.0
cake,-0.8827406659355133,27.0,38.0
cup,-0.88163338968291,57.0,75.0
sorts,-0.8813527247688476,31.0,43.0
commercial,-0.866926797423123,20.0,29.0
pcc,-0.866926797423123,20.0,29.0
engaging,-0.8579643754544028,24.0,34.0
funny,-0.8561290460883609,32.0,44.0
settled,-0.8541148995525789,88.0,112.0
earth,-0.8463795677593278,17.0,25.0
favorites,-0.8463795677593278,17.0,25.0
layout,-0.8442865093341071,64.0,83.0
wants,-0.8417967140410847,69.0,89.0
nearby,-0.8405995410237888,749.0,880.0
locks,-0.831905951009321,60.0,78.0
strip,-0.828367289456287,29.0,40.0
everyday,-0.8237758865369967,42.0,56.0
adventure,-0.8152432468577623,38.0,51.0
gasworks,-0.8092763882341723,18.0,26.0
immediately,-0.8089436458802669,209.0,254.0
ate,-0.8074492970884946,52.0,68.0
plants,-0.8025869308046647,30.0,41.0
reserved,-0.7998848940207097,26.0,36.0
professional,-0.7991622684279376,103.0,129.0
traveler,-0.7846530664792226,63.0,81.0
houses,-0.7839828246963213,68.0,87.0
looked,-0.7830250535942518,189.0,230.0
lyft,-0.777275920413332,49.0,64.0
blow,-0.7741741513174456,19.0,27.0
daily,-0.7729671234421693,54.0,70.0
he's,-0.7694107844931236,64.0,82.0
talking,-0.7551742451918645,70.0,89.0
washer,-0.7551064143353658,259.0,311.0
appliances,-0.7530037164083629,91.0,114.0
events,-0.7525561617366172,41.0,54.0
fell,-0.7397640514563824,56.0,72.0
movies,-0.7326954774036448,42.0,55.0
library,-0.7301812383685822,33.0,44.0
hopefully,-0.7247237278656212,52.0,67.0
bunch,-0.7236133795356113,57.0,73.0
hoping,-0.719813355859865,38.0,50.0
updated,-0.7095792130816525,48.0,62.0
options,-0.7078248935396598,193.0,233.0
briefly,-0.691972854504523,49.0,63.0
afternoon,-0.6910318441733562,80.0,100.0
catch,-0.6835658891481222,86.0,107.0
picked,-0.68332668133687,97.0,120.0
allows,-0.6790525911313724,22.0,30.0
equally,-0.6790525911313724,22.0,30.0
atmosphere,-0.6773358605738713,92.0,114.0
user,-0.6759232314931447,18.0,25.0
offers,-0.6735273704929919,76.0,95.0
throw,-0.6604629022920826,27.0,36.0
pacific,-0.6604629022920826,27.0,36.0
markets,-0.6578056747971488,46.0,59.0
planning,-0.6571607594366982,105.0,129.0
sense,-0.6509842681891318,67.0,84.0
helping,-0.6509842681891318,67.0,84.0
chihuly,-0.650245546668863,23.0,31.0
contained,-0.650245546668863,23.0,31.0
chose,-0.6478229026875069,89.0,110.0
approachable,-0.6431184820817868,19.0,26.0
interactions,-0.6431184820817868,19.0,26.0
restful,-0.6406302934833358,42.0,54.0
pack,-0.6370795729268823,68.0,85.0
showing,-0.6220368607538038,43.0,55.0
provide,-0.6166441004038726,187.0,224.0
package,-0.612019936624842,20.0,27.0
perfectly,-0.5913638000296617,405.0,475.0
memory,-0.5848017408155052,35.0,45.0
paths,-0.5844392625454694,40.0,51.0
reservations,-0.5824639361711884,21.0,28.0
lounging,-0.5713114891248243,17.0,23.0
hit,-0.5687925880287034,46.0,58.0
patient,-0.5644821074647323,36.0,46.0
conditioner,-0.5625789925468587,85.0,104.0
park,-0.5565879517616399,814.0,942.0
ideal,-0.5546953555315526,273.0,322.0
stories,-0.5475636869326591,42.0,53.0
express,-0.5465303645774815,27.0,35.0
ironing,-0.5440087562308771,32.0,41.0
returned,-0.5414571510307338,53.0,66.0
laid,-0.540736130682651,141.0,169.0
disappoint,-0.5392523785843204,18.0,24.0
iron,-0.5365200641650375,70.0,86.0
sister,-0.5336976828367037,59.0,73.0
answers,-0.5274285521465869,23.0,30.0
additionally,-0.5255145067072418,38.0,48.0
girlfriend,-0.5238049354794274,143.0,171.0
map,-0.5068516430742085,84.0,102.0
kind,-0.503603397948257,838.0,967.0
warmer,-0.5017157505159163,24.0,31.0
surely,-0.5017157505159163,24.0,31.0
remodeled,-0.48858138860856043,40.0,50.0
leave,-0.48820912482544326,359.0,419.0
trader,-0.4817965666537467,57.0,70.0
japanese,-0.48024906649028204,20.0,26.0
speak,-0.4785599394857451,30.0,38.0
baby,-0.4772147798281872,111.0,133.0
visitor,-0.47707356041493015,25.0,32.0
ways,-0.47081287727670584,41.0,51.0
taking,-0.46515413966095837,163.0,193.0
glass,-0.46176803822724893,76.0,92.0
spread,-0.4574344294795533,31.0,39.0
entertaining,-0.45296839326404353,21.0,27.0
grand,-0.45296839326404353,21.0,27.0
plentiful,-0.45296839326404353,21.0,27.0
alki,-0.4454206402972322,127.0,151.0
eating,-0.44407082503672957,102.0,122.0
travelers,-0.4420604948497976,96.0,115.0
accessible,-0.44112608553718646,300.0,350.0
conversation,-0.440356010099994,90.0,108.0
aspects,-0.4306692499592674,27.0,34.0
personality,-0.42660264889271143,38.0,47.0
country,-0.4200311689951805,44.0,54.0
includes,-0.41718704825521397,33.0,41.0
touring,-0.408763488942001,28.0,35.0
accommodation,-0.40278142626035557,145.0,171.0
cruise,-0.4021724182774861,23.0,29.0
accessed,-0.39912982892883847,18.0,23.0
attraction,-0.39912982892883847,18.0,23.0
unusual,-0.39912982892883847,18.0,23.0
closet,-0.3982366441528188,172.0,202.0
evenings,-0.3883372877645966,70.0,84.0
california,-0.3876386727647714,29.0,36.0
detergent,-0.3876386727647714,29.0,36.0
descriptions,-0.3784374335687061,24.0,30.0
dedicated,-0.3784374335687061,24.0,30.0
texted,-0.3747843788542689,41.0,50.0
combination,-0.37157601920474076,19.0,24.0
mid,-0.3612322549050463,36.0,44.0
allow,-0.358358836053128,42.0,51.0
parts,-0.35815120028967934,111.0,131.0
uber,-0.35729897643197844,295.0,342.0
quaint,-0.3500101432654626,172.0,201.0
seeing,-0.3490345408245408,112.0,132.0
spaces,-0.34651498081622334,61.0,73.0
mornings,-0.3436890636444677,93.0,110.0
bought,-0.3426991841518674,49.0,59.0
period,-0.3338408435126678,26.0,32.0
sight,-0.328187832864663,50.0,60.0
job,-0.3240453680191168,162.0,189.0
decision,-0.3206401711279977,21.0,26.0
ensured,-0.3206401711279977,21.0,26.0
played,-0.3128289162040863,27.0,33.0
graciously,-0.3113422654845111,45.0,54.0
rainier,-0.30001568356903674,52.0,62.0
spots,-0.2941137465091504,222.0,257.0
glasses,-0.2919910910392807,34.0,41.0
started,-0.2913186311851214,59.0,70.0
city,-0.2861812228169201,1905.0,2166.0
townhouse,-0.2855138055822141,79.0,93.0
destinations,-0.27766881464159093,41.0,49.0
toothpaste,-0.2744016841025317,23.0,28.0
nervous,-0.27306191099320226,29.0,35.0
watched,-0.27306191099320226,29.0,35.0
pre,-0.27306191099320226,29.0,35.0
pubs,-0.27290302815866363,54.0,64.0
playing,-0.2726765418697252,67.0,79.0
driveway,-0.26797245824751365,74.0,87.0
bag,-0.2661953833300656,61.0,72.0
surroundings,-0.2576416345364165,36.0,43.0
mean,-0.2527821678565715,24.0,29.0
hanging,-0.24348798106683467,83.0,97.0
friend's,-0.23595671522123043,31.0,37.0
communicator,-0.23404623016898532,57.0,67.0
worried,-0.23229260529614534,44.0,52.0
regards,-0.23204874878647497,25.0,30.0
cheers,-0.23204874878647497,25.0,30.0
btw,-0.23084963024360616,19.0,23.0
haven't,-0.23084963024360616,19.0,23.0
usual,-0.22514532057101222,38.0,45.0
cook,-0.22025417072624398,249.0,286.0
hospital,-0.21212882120439042,26.0,31.0
include,-0.20754801078506868,20.0,24.0
replies,-0.20754801078506868,20.0,24.0
italian,-0.20754801078506868,20.0,24.0
additional,-0.20678227914729605,66.0,77.0
month,-0.19732712163115454,130.0,150.0
forgot,-0.19715613286053205,60.0,70.0
condiments,-0.19295811163685078,27.0,32.0
advise,-0.18538383704119674,21.0,25.0
son's,-0.18538383704119674,21.0,25.0
authentic,-0.17447947753028928,28.0,33.0
originally,-0.16424634751717182,22.0,26.0
walkable,-0.14419143345074545,263.0,300.0
definately,-0.13939971117521097,30.0,35.0
took,-0.13771626755595198,544.0,618.0
coming,-0.13710613584272044,332.0,378.0
ice,-0.12652490544734069,59.0,68.0
couches,-0.12468097330797932,24.0,28.0
dish,-0.12468097330797932,24.0,28.0
family's,-0.12468097330797932,24.0,28.0
law,-0.12337936063283036,45.0,52.0
anticipated,-0.12255596439036588,38.0,44.0
coast,-0.12255596439036588,38.0,44.0
transport,-0.12165573809554203,140.0,160.0
pets,-0.12031650598699546,74.0,85.0
photos,-0.1170112469838696,306.0,348.0
brochures,-0.11012151814358723,46.0,53.0
waited,-0.10805542796483433,39.0,45.0
headed,-0.10609702771099505,25.0,29.0
shopping,-0.10251959383287802,309.0,351.0
situated,-0.10040261320543689,173.0,197.0
sized,-0.09422073171024314,84.0,96.0
hub,-0.08665594634573898,19.0,22.0
weather,-0.07862559656986325,184.0,209.0
duplex,-0.0710052253296556,27.0,31.0
disturb,-0.06640164701425874,20.0,23.0
willing,-0.05608081947623083,111.0,126.0
wanting,-0.05564321042781373,73.0,83.0
environment,-0.048371066263723096,89.0,101.0
board,-0.048371066263723096,89.0,101.0
surrounded,-0.0477387937603971,51.0,58.0
lower,-0.04578551067113513,74.0,84.0
zen,-0.03833545557066266,29.0,33.0
pieces,-0.028665779648366026,22.0,25.0
correspondence,-0.028665779648366026,22.0,25.0
knew,-0.021383711562075355,131.0,148.0
alternative,-0.01557097318505673,46.0,52.0
temporary,-0.011009701403555264,23.0,26.0
traveller,-0.011009701403555264,23.0,26.0
choose,0.003525352356502554,95.0,107.0
totally,0.009181103484302882,254.0,286.0
recent,0.020381995946842472,41.0,46.0
pub,0.02223100298538709,25.0,28.0
experienced,0.030462525179681194,58.0,65.0
real,0.03432700136414798,219.0,246.0
thorough,0.03643676832165903,99.0,111.0
decide,0.03793050985191471,26.0,29.0
recycling,0.03793050985191471,26.0,29.0
load,0.03793050985191471,26.0,29.0
shows,0.044974934953103334,43.0,48.0
owners,0.04641170603224603,84.0,94.0
school,0.04823051823685878,35.0,39.0
arriving,0.05050001903281295,117.0,131.0
depicted,0.0530813893791496,27.0,30.0
huge,0.054350040871872674,271.0,304.0
enthusiastic,0.06112932153092228,19.0,21.0
separated,0.06112932153092228,19.0,21.0
whilst,0.06112932153092228,19.0,21.0
pictured,0.06620573255102483,233.0,261.0
homely,0.06772562764896187,28.0,31.0
route,0.07507349425822224,54.0,60.0
laundry,0.07734778688123878,227.0,254.0
forth,0.07808756529170122,20.0,22.0
bottles,0.09114466793962911,47.0,52.0
community,0.09195209163936112,81.0,90.0
joes,0.09429959048445653,21.0,23.0
cities,0.09429959048445653,21.0,23.0
pointed,0.09429959048445653,21.0,23.0
difference,0.09429959048445653,21.0,23.0
communicative,0.09729671657433882,239.0,267.0
instantly,0.09858497667022917,39.0,43.0
areas,0.100362526544242,256.0,286.0
rental,0.10739252322187823,323.0,361.0
desired,0.1098380758201395,22.0,24.0
roads,0.1098380758201395,22.0,24.0
learned,0.1098380758201395,22.0,24.0
saying,0.11043799463131193,40.0,44.0
thankful,0.12202747106897611,41.0,45.0
traveled,0.12202747106897611,41.0,45.0
she's,0.12467817531702324,102.0,113.0
depending,0.12476558612484075,23.0,25.0
logistics,0.12476558612484075,23.0,25.0
breakfasts,0.1338656130246415,51.0,56.0
office,0.13452729019766327,33.0,36.0
passing,0.13452729019766327,33.0,36.0
play,0.13516042084368385,129.0,143.0
essential,0.1391363492628286,24.0,26.0
saved,0.14446807240114198,43.0,47.0
encountered,0.15299766233166495,25.0,27.0
impression,0.15299766233166495,25.0,27.0
app,0.15875017678339548,35.0,38.0
calm,0.16443986153028226,81.0,89.0
businesses,0.16639101563538902,26.0,28.0
raining,0.16639101563538902,26.0,28.0
compact,0.16639101563538902,26.0,28.0
decoration,0.16639101563538902,26.0,28.0
activity,0.16639101563538902,26.0,28.0
wide,0.1704115844630031,36.0,39.0
standard,0.1704115844630031,36.0,39.0
drove,0.1724450460413464,64.0,70.0
takes,0.1753020816809988,161.0,178.0
meals,0.1790785748378155,153.0,169.0
reason,0.1890491078693688,75.0,82.0
convenience,0.19132233754736452,120.0,132.0
aspect,0.1919160411780207,28.0,30.0
starting,0.19291829762845322,38.0,41.0
eastlake,0.19291829762845322,38.0,41.0
settle,0.2037930718539704,39.0,42.0
decorations,0.2037930718539704,39.0,42.0
frequently,0.21443315225229914,40.0,43.0
vibrant,0.21638471909786638,50.0,54.0
surprisingly,0.22001346079624862,60.0,65.0
spending,0.22161051834840975,79.0,86.0
cross,0.22485052595874971,41.0,44.0
appreciate,0.22583592253331375,98.0,107.0
bite,0.22602789823677155,20.0,21.0
reserve,0.22602789823677155,20.0,21.0
familiar,0.2274853389124363,31.0,33.0
magnolia,0.2274853389124363,31.0,33.0
bigger,0.22887403858423683,61.0,66.0
control,0.23871273932203463,32.0,34.0
tools,0.2389190655626759,21.0,22.0
occasional,0.2389190655626759,21.0,22.0
lost,0.2445671610986892,53.0,57.0
reminded,0.2513501687411732,22.0,23.0
espresso,0.2513501687411732,22.0,23.0
exactly,0.2579598120606021,1072.0,1195.0
typical,0.2603406147141982,34.0,36.0
importantly,0.2603406147141982,34.0,36.0
neat,0.2655109086311223,274.0,302.0
decided,0.2728532488767921,76.0,82.0
answering,0.2795627352975827,67.0,72.0
tourist,0.28317153794238087,180.0,197.0
would've,0.2862642544225424,25.0,26.0
departure,0.2971205898050921,89.0,96.0
apple,0.2972130126942799,26.0,27.0
dvd,0.2972130126942799,26.0,27.0
explain,0.3078599603976182,27.0,28.0
chilly,0.31966727801550016,40.0,42.0
planned,0.3252728913551284,83.0,89.0
vibe,0.3252940042879785,93.0,100.0
stores,0.3402078369723083,282.0,309.0
confortable,0.3478250594849653,31.0,32.0
interesting,0.35307629324529577,294.0,322.0
rush,0.36645792293715107,33.0,34.0
contacted,0.3682078219702276,68.0,72.0
orderly,0.37752442609541403,20.0,20.0
online,0.3807587256613738,47.0,49.0
schedule,0.38413481887635625,171.0,185.0
bbq,0.38432723156282766,35.0,36.0
named,0.3868483398133989,21.0,21.0
appears,0.3889166754825919,48.0,50.0
electric,0.39300130269631556,36.0,37.0
cups,0.39300130269631556,36.0,37.0
rock,0.39595283994876307,22.0,22.0
crowded,0.39595283994876307,22.0,22.0
beacon,0.3969498847979321,49.0,51.0
linen,0.40485272957052704,23.0,23.0
soft,0.40721349800862366,126.0,135.0
support,0.4135612186227858,24.0,24.0
rarely,0.4135612186227858,24.0,24.0
remember,0.4180852139350584,39.0,40.0
wise,0.42209015410026185,25.0,25.0
reasons,0.43045020915349563,26.0,26.0
kettle,0.4340996016617463,41.0,42.0
functional,0.43790648142277794,89.0,94.0
plane,0.4386510397402588,27.0,27.0
immensely,0.44670141538152985,28.0,28.0
wave,0.44960641393199796,43.0,44.0
eclectic,0.4500706820254277,56.0,58.0
necessary,0.45258320589099854,113.0,120.0
cookware,0.45460932906945506,29.0,29.0
hip,0.4562071048723543,69.0,72.0
pillows,0.4746157377493916,138.0,147.0
flexibility,0.47754843860110097,32.0,32.0
clearly,0.4814909092523205,118.0,125.0
locations,0.5022676789874643,76.0,79.0
hosting,0.5055121624812057,100.0,105.0
commute,0.5065214227597978,36.0,36.0
shape,0.5065214227597978,36.0,36.0
opened,0.5073378816878863,51.0,52.0
seen,0.5118083183842551,65.0,67.0
nook,0.5135094752675102,37.0,37.0
positive,0.5139031386443228,156.0,166.0
girls,0.5141360918427164,52.0,53.0
change,0.5148528383496795,78.0,81.0
common,0.5148966247325268,90.0,94.0
single,0.5203566379639815,125.0,132.0
driving,0.5311432625004975,127.0,134.0
duration,0.5381748413457094,21.0,20.0
aquarium,0.5381748413457094,21.0,20.0
sweetheart,0.5381748413457094,21.0,20.0
terminal,0.5381748413457094,21.0,20.0
body,0.5405596881993797,41.0,41.0
accommodated,0.542987542602098,118.0,124.0
states,0.5437238122280736,22.0,21.0
independent,0.5437238122280736,22.0,21.0
happening,0.5471134660134881,42.0,42.0
dead,0.5493075348936194,23.0,22.0
short,0.5502714117331886,1174.0,1294.0
mirror,0.5549135202834581,24.0,23.0
normally,0.5605316196410893,25.0,24.0
talked,0.5661535547210603,26.0,25.0
suggestion,0.5661535547210603,26.0,25.0
artwork,0.5663202766324598,45.0,45.0
hall,0.5663202766324598,45.0,45.0
proved,0.5717725533629009,27.0,26.0
lines,0.5918804737345499,150.0,158.0
following,0.5941220478416952,31.0,30.0
supply,0.5941220478416952,31.0,30.0
bus,0.5968293669922767,1761.0,1946.0
needing,0.6029025683900844,51.0,51.0
present,0.6051745821873301,33.0,32.0
example,0.6051745821873301,33.0,32.0
terms,0.6075875791086331,67.0,68.0
village,0.6087861304572837,52.0,52.0
break,0.6106625731177759,34.0,33.0
power,0.6106625731177759,34.0,33.0
feature,0.6161231527252234,35.0,34.0
vancouver,0.6161231527252234,35.0,34.0
equipment,0.6215552519808274,36.0,35.0
post,0.6269580294753894,37.0,36.0
convention,0.6286435375353879,191.0,202.0
ideally,0.6323308356027543,38.0,37.0
explored,0.6376731826508635,39.0,38.0
seamless,0.6413569886461623,73.0,74.0
save,0.6429847197356863,40.0,39.0
second,0.648110684097261,311.0,333.0
coordinate,0.6482652117235962,41.0,40.0
believe,0.6484795828630904,59.0,59.0
gladly,0.6484795828630904,59.0,59.0
evening,0.652523753424838,302.0,323.0
car,0.6591183203474544,883.0,965.0
direct,0.6639194473912498,44.0,43.0
responses,0.6754068296063491,64.0,64.0
lives,0.675838203196102,107.0,110.0
public,0.6824857094812896,595.0,645.0
skyline,0.689389632850318,49.0,48.0
posting,0.6947334871253971,22.0,20.0
girl,0.6967895195558577,23.0,21.0
join,0.6991035166213114,24.0,22.0
definite,0.6991035166213114,24.0,22.0
wrote,0.7043699434283671,26.0,24.0
queries,0.7103105658411314,28.0,26.0
melissa's,0.7103105658411314,28.0,26.0
sit,0.7146506175869823,128.0,132.0
solo,0.7201424849850543,31.0,29.0
finally,0.7213502363030684,73.0,73.0
caught,0.7307506603596013,34.0,32.0
playground,0.7307506603596013,34.0,32.0
agreed,0.7307506603596013,34.0,32.0
review,0.7366899592614834,106.0,108.0
foot,0.7388329964206042,146.0,151.0
manual,0.745672186038604,38.0,36.0
furniture,0.7511499364113523,136.0,140.0
screen,0.7568233985050098,63.0,62.0
sites,0.7574502094899972,96.0,97.0
level,0.7607914471041535,151.0,156.0
says,0.7650486576409864,43.0,41.0
families,0.7689808810190111,44.0,42.0
accomodating,0.7738125036980317,84.0,84.0
streets,0.7829740879333847,86.0,86.0
ton,0.792029876315815,88.0,88.0
helpful,0.8003122100777015,2282.0,2513.0
heart,0.802666766464158,279.0,294.0
lady,0.8046860346700874,53.0,51.0
finding,0.8073662195877499,162.0,167.0
multiple,0.8098382205858846,92.0,92.0
points,0.8126298056170975,55.0,53.0
friendly,0.8200200574829408,2092.0,2300.0
machine,0.8229420508923388,95.0,95.0
advance,0.8324096096199632,60.0,58.0
responds,0.8451405441427388,26.0,23.0
delivered,0.845172996863256,27.0,24.0
chatted,0.845172996863256,27.0,24.0
gate,0.845172996863256,27.0,24.0
proper,0.845172996863256,27.0,24.0
picking,0.845172996863256,27.0,24.0
unusually,0.8454609865779725,25.0,22.0
colorful,0.8455187428900611,28.0,25.0
explaining,0.8455187428900611,28.0,25.0
reception,0.8461803942815528,24.0,21.0
scenic,0.8461803942815528,24.0,21.0
wandering,0.8461803942815528,24.0,21.0
individual,0.8473526740641006,23.0,20.0
closets,0.8473526740641006,23.0,20.0
opens,0.8473526740641006,23.0,20.0
accidentally,0.8473526740641006,23.0,20.0
specific,0.8481152894548074,31.0,28.0
presented,0.8481152894548074,31.0,28.0
spoke,0.8490413020180002,22.0,19.0
gotten,0.8490413020180002,22.0,19.0
seahawks,0.8494135488724788,32.0,29.0
inexpensive,0.8508925062982284,33.0,30.0
surprises,0.852534511368049,34.0,31.0
def,0.8562468469549367,36.0,33.0
industrial,0.8582908814418988,37.0,34.0
drinking,0.8650444225371271,40.0,37.0
person,0.8658010033378033,542.0,580.0
using,0.8705305467344117,376.0,398.0
arrive,0.8706768404578316,122.0,123.0
half,0.8713626099661399,178.0,183.0
type,0.8725506833973786,43.0,40.0
heads,0.8725506833973786,43.0,40.0
communications,0.8790860305968039,72.0,70.0
midnight,0.8806299739344327,46.0,43.0
sorry,0.8806299739344327,46.0,43.0
crazy,0.8806299739344327,46.0,43.0
especially,0.8819449637998394,558.0,597.0
center,0.8848160256695942,518.0,553.0
state,0.8920659766239079,50.0,47.0
schedules,0.8920659766239079,50.0,47.0
neighbourhood,0.9063012363477365,420.0,445.0
helped,0.9114293112208351,400.0,423.0
travelling,0.9132983416515159,57.0,54.0
kids,0.9162437427789161,253.0,263.0
plans,0.9169388805222572,101.0,100.0
question,0.9172172047422164,118.0,118.0
watch,0.9187476922114841,149.0,151.0
wrong,0.9195559040349421,59.0,56.0
nearly,0.9195559040349421,59.0,56.0
setup,0.9258724482223515,61.0,58.0
works,0.9515734976056301,127.0,127.0
sent,0.9585171733939186,112.0,111.0
reach,0.9599579378580738,145.0,146.0
spot,0.9705167520955765,824.0,886.0
informed,0.9758764387104768,35.0,31.0
downhill,0.9758764387104768,35.0,31.0
original,0.9758764387104768,35.0,31.0
reliable,0.9758764387104768,35.0,31.0
charge,0.9759414240687955,36.0,32.0
emp,0.9759414240687955,36.0,32.0
farmers,0.9764344563998721,33.0,29.0
changing,0.9771023652006455,32.0,28.0
storage,0.9774778536058729,77.0,74.0
channels,0.9793501953793412,30.0,26.0
unbeatable,0.9800645651491392,42.0,38.0
emergency,0.9809946422186139,29.0,25.0
seat,0.9809946422186139,29.0,25.0
upper,0.9812503992771183,43.0,39.0
closer,0.9825505517515255,44.0,40.0
knowing,0.9825505517515255,44.0,40.0
order,0.9839727499968075,79.0,76.0
comment,0.9855208170349191,27.0,23.0
suitcases,0.9855208170349191,27.0,23.0
chairs,0.9872189611204487,80.0,77.0
ocean,0.9884986469465886,26.0,22.0
urban,0.9961640031905675,104.0,102.0
important,0.9961640031905675,104.0,102.0
worry,0.9969484544408562,83.0,80.0
respect,1.0010378280494985,23.0,19.0
running,1.0160428346108925,128.0,127.0
attractions,1.0540086616132767,356.0,371.0
routes,1.0547015433455253,101.0,98.0
comes,1.0737445476370364,83.0,79.0
facilities,1.0798741924619044,109.0,106.0
easily,1.0844853935239476,560.0,592.0
mall,1.0911577199981506,45.0,40.0
portland,1.0913810149265204,46.0,41.0
posted,1.0918314283538502,41.0,36.0
likely,1.0922256385396545,48.0,43.0
particular,1.0943443134864688,38.0,33.0
read,1.0954243761998514,114.0,111.0
kid,1.0972223535203387,36.0,31.0
thinking,1.0972223535203387,36.0,31.0
total,1.0973789716452746,54.0,49.0
finished,1.0990853126042566,35.0,30.0
checked,1.1000739836435411,297.0,306.0
classic,1.1066913765771702,32.0,27.0
face,1.1070369797614819,61.0,56.0
accomodation,1.110007996821997,31.0,26.0
parked,1.1212554732694404,69.0,64.0
cutest,1.122885490951412,28.0,23.0
block,1.1252143015572007,440.0,460.0
comments,1.128332768397535,27.0,22.0
ground,1.1292509116694567,73.0,68.0
theater,1.1344668752694094,26.0,21.0
rides,1.1344668752694094,26.0,21.0
entered,1.1344668752694094,26.0,21.0
requests,1.1353260606681115,105.0,101.0
google,1.1413687301846693,25.0,20.0
narrow,1.1578673574981313,23.0,18.0
master,1.1743603356309356,93.0,88.0
history,1.1967437544892636,48.0,42.0
chill,1.1972838073317515,59.0,53.0
opening,1.198685259548857,61.0,55.0
delayed,1.19950022984357,62.0,56.0
foam,1.2059697884073226,41.0,35.0
food,1.2069252055598174,730.0,773.0
movie,1.209631472705236,71.0,65.0
understanding,1.218537118711001,77.0,71.0
qfc,1.2201010664272194,36.0,30.0
steps,1.2258810247873313,158.0,155.0
piano,1.2329686527583334,33.0,27.0
arranged,1.2340947307566799,86.0,80.0
send,1.2381929654731025,32.0,26.0
questions,1.2529419417949441,1005.0,1072.0
lastly,1.2573364378088858,29.0,23.0
changes,1.273618904604669,27.0,21.0
entirely,1.273618904604669,27.0,21.0
similar,1.273618904604669,27.0,21.0
venue,1.273618904604669,27.0,21.0
note,1.2810476663107841,246.0,247.0
sheryl's,1.2862842247694508,49.0,0.0
direction,1.2911273773947456,63.0,56.0
runs,1.291676449102407,58.0,51.0
covered,1.2923036292017396,67.0,60.0
supermarket,1.2939577747908715,70.0,63.0
firm,1.2941396338788727,54.0,47.0
prior,1.297813866188925,184.0,181.0
greenwood,1.2988854389569102,50.0,43.0
couples,1.2998895123345835,77.0,70.0
resident,1.3050323698391415,24.0,18.0
answer,1.3058880842198812,187.0,184.0
sounds,1.3116703478448746,44.0,37.0
gene's,1.3122732651017412,51.0,0.0
nonetheless,1.3178380426270677,23.0,17.0
wheel,1.3178380426270677,23.0,17.0
daisy's,1.3250766761069428,52.0,0.0
happen,1.3252982999726604,40.0,33.0
eats,1.3391338249228522,37.0,30.0
emailed,1.3391338249228522,37.0,30.0
members,1.3445849315209848,36.0,29.0
charm,1.3447692501471025,107.0,100.0
z's,1.3627654580219333,55.0,0.0
tourists,1.3639793261263662,33.0,26.0
flight,1.3645801607504915,261.0,261.0
table,1.3789059565329551,250.0,249.0
careful,1.37992169464621,31.0,24.0
friend,1.3800008960617207,439.0,451.0
accurately,1.3814097368752378,65.0,57.0
tons,1.3867757268210992,199.0,195.0
safe,1.3880260498935058,779.0,819.0
condition,1.391666929440807,90.0,82.0
kept,1.394444103773282,391.0,399.0
distance,1.3975765046307818,1721.0,1851.0
vehicle,1.3988397159248598,29.0,22.0
harbor,1.3988397159248598,29.0,22.0
idea,1.400419499823159,51.0,43.0
prefer,1.4030181655103529,50.0,42.0
concert,1.409607740226428,28.0,21.0
metro,1.409607740226428,28.0,21.0
apart,1.409607740226428,28.0,21.0
obviously,1.4157518293740499,46.0,38.0
hair,1.4162954277552222,109.0,101.0
utensils,1.4193449380346743,111.0,103.0
bottled,1.423743348541816,44.0,36.0
literally,1.436891773218532,153.0,146.0
flew,1.448359422460708,25.0,18.0
correct,1.448359422460708,25.0,18.0
loving,1.448359422460708,25.0,18.0
luck,1.448359422460708,25.0,18.0
assistance,1.449776625653499,39.0,31.0
terry's,1.4562353159513937,38.0,30.0
benefit,1.4638562118391347,24.0,17.0
accepted,1.4638562118391347,24.0,17.0
entertainment,1.4645449107913815,75.0,66.0
past,1.4672764558245808,90.0,81.0
inquiries,1.477942293875122,61.0,52.0
services,1.4787433747157808,35.0,27.0
darcy's,1.4814871833759278,65.0,0.0
disturbing,1.4874393419820868,34.0,26.0
compared,1.4874393419820868,34.0,26.0
communicating,1.4905929649806697,114.0,105.0
venues,1.5069465422522395,32.0,24.0
mins,1.511600298290995,129.0,120.0
you've,1.5178897868385999,31.0,23.0
microwave,1.522430508544067,136.0,127.0
buses,1.526088588718071,195.0,188.0
ready,1.528673244165529,311.0,310.0
mix,1.53137220595002,45.0,36.0
shalini's,1.5374144704613373,70.0,0.0
size,1.5378367875829622,298.0,296.0
courtyard,1.5430202101027397,43.0,34.0
prime,1.5462726219701746,78.0,68.0
pizza,1.5469780607952182,77.0,67.0
clean,1.5502602050563892,6380.0,7002.0
bags,1.5505818801453188,153.0,144.0
ahead,1.5559421955890493,69.0,59.0
shown,1.558394626575913,115.0,105.0
courteous,1.5630872000076084,65.0,55.0
head,1.5704647550543855,126.0,116.0
belongings,1.571569938402854,27.0,19.0
connections,1.571569938402854,27.0,19.0
tall,1.5781536566710228,59.0,49.0
moving,1.5812679636768037,58.0,48.0
grocery,1.58355721309467,443.0,449.0
looks,1.587265533942516,224.0,217.0
oven,1.5880959846270517,56.0,46.0
brought,1.5901102716584175,141.0,131.0
connected,1.5918312254840254,55.0,45.0
night's,1.5918312254840254,55.0,45.0
spend,1.5956313548937024,306.0,303.0
walking,1.5976282934411585,2219.0,2386.0
neighbor,1.6044678748432906,52.0,42.0
speed,1.605945090909515,25.0,17.0
adjacent,1.6142252649034976,50.0,40.0
stop,1.6159705341290074,443.0,448.0
toys,1.6210617920132195,87.0,76.0
doing,1.6212335406758318,108.0,97.0
bedding,1.6227440044458403,111.0,100.0
stove,1.6366058740180456,73.0,62.0
cute,1.636805053301843,783.0,813.0
larger,1.6384412077335435,72.0,61.0
corner,1.6523389164896265,276.0,270.0
entering,1.6578441573547982,31.0,22.0
cheerful,1.6578441573547982,31.0,22.0
solid,1.6671364365185544,42.0,32.0
served,1.667736830084496,61.0,50.0
communicate,1.6710665828764237,285.0,279.0
behaved,1.6725620078292456,30.0,21.0
showers,1.67571913591281,41.0,31.0
barely,1.67571913591281,41.0,31.0
plates,1.683680131013423,57.0,46.0
giant,1.6884381852977217,29.0,20.0
house,1.6889470133700155,5181.0,5654.0
woman,1.6945555558186527,39.0,29.0
social,1.7055908453001574,28.0,19.0
cheaper,1.7159105683669373,37.0,27.0
campus,1.7256186460359193,72.0,60.0
hadn't,1.7423122612476678,47.0,36.0
action,1.7423122612476678,47.0,36.0
stressful,1.7442826315977573,26.0,17.0
someone's,1.7442826315977573,26.0,17.0
hilly,1.7535995888577154,34.0,24.0
touristy,1.7637265285730048,61.0,49.0
cancelled,1.7661513097048651,25.0,16.0
aside,1.7670953607463051,44.0,33.0
maker,1.7690245231466912,94.0,81.0
timely,1.778064439240063,87.0,74.0
soap,1.7791886943917974,152.0,139.0
mainly,1.7997489779487392,31.0,21.0
climb,1.7997489779487392,31.0,21.0
ann's,1.7997489779487392,31.0,21.0
calen's,1.8004510822499151,96.0,0.0
avoid,1.8012715579968703,54.0,42.0
drag,1.817429077358525,30.0,20.0
attend,1.819063929105936,39.0,28.0
lively,1.8202706483180287,70.0,57.0
dishes,1.8261239181760787,121.0,107.0
secure,1.8261880337662546,126.0,112.0
twin,1.8364447033033373,29.0,19.0
suitcase,1.8364447033033373,29.0,19.0
meant,1.8373132311478957,49.0,37.0
mail,1.8373132311478957,49.0,37.0
grab,1.8405589026350655,65.0,52.0
message,1.840613588887408,97.0,83.0
realized,1.8445523113084354,37.0,26.0
blast,1.8545033214571178,47.0,35.0
artistic,1.8545033214571178,47.0,35.0
black,1.8569300806362796,28.0,18.0
attending,1.8639298369211657,84.0,70.0
run,1.871947307624903,189.0,175.0
child,1.8735843842204492,45.0,33.0
falling,1.8790372934195152,27.0,17.0
fall,1.8839117185962218,44.0,32.0
conveniently,1.883980816820822,334.0,325.0
seward,1.8892354139030179,34.0,23.0
wallingford,1.891173739952832,124.0,109.0
earlier,1.893953693170398,117.0,102.0
easier,1.895779675354621,114.0,99.0
particularly,1.8997884539221443,109.0,94.0
letting,1.9028342269469332,106.0,91.0
spare,1.906320119653693,42.0,30.0
known,1.9295208855782213,51.0,38.0
scene,1.9313469838937034,40.0,28.0
responding,1.9317401112985693,89.0,74.0
personally,1.9367716451147485,87.0,72.0
freezer,1.9435472968354055,31.0,20.0
exchange,1.9435472968354055,31.0,20.0
reachable,1.9449627078517475,39.0,27.0
floors,1.9544225539804632,154.0,138.0
wake,1.9578917636388011,61.0,47.0
crib,1.9642590714829358,30.0,19.0
heaters,1.9642590714829358,30.0,19.0
road,1.9700046153086996,182.0,166.0
cooking,1.9724789341259727,232.0,217.0
emails,1.97423359315391,106.0,90.0
inside,1.9749927281011603,234.0,219.0
university,1.9826051541547958,272.0,258.0
lit,1.9858223660765608,57.0,43.0
constantly,1.9864832757553728,29.0,18.0
lamp,1.9864832757553728,29.0,18.0
strong,1.9899304126377972,45.0,32.0
opinion,1.990917231462458,36.0,24.0
missed,2.0056799690362417,69.0,54.0
sharing,2.0123301013222963,149.0,132.0
stress,2.019132404164886,53.0,39.0
kitchen,2.022790440086305,1907.0,2015.0
booking,2.0238532815838095,300.0,286.0
westlake,2.0265182579183323,34.0,22.0
lived,2.0304927170675757,116.0,99.0
cost,2.0341019661362214,82.0,66.0
interact,2.0381861835085884,51.0,37.0
ave,2.039012555392008,110.0,93.0
heating,2.0419062461811226,63.0,48.0
putting,2.046061877593942,33.0,21.0
renting,2.0498393291299615,104.0,87.0
arrangements,2.050463923203399,78.0,62.0
having,2.0578310161145836,716.0,724.0
manageable,2.0638093410397236,26.0,15.0
easygoing,2.06690241967687,32.0,20.0
drawers,2.06690241967687,32.0,20.0
keeping,2.071435465113025,59.0,44.0
necessities,2.0866489031385327,90.0,73.0
temperature,2.0914125141302318,70.0,54.0
centre,2.0971887230971333,87.0,70.0
months,2.1048494804608624,85.0,68.0
nick's,2.1271769205992177,134.0,0.0
transit,2.1309868620355474,251.0,233.0
reply,2.1312854571895063,64.0,48.0
communicated,2.134016759964548,144.0,125.0
pot,2.1414029763299416,77.0,60.0
footsteps,2.144486218418739,35.0,22.0
accessing,2.144486218418739,35.0,22.0
promised,2.1467574298933685,62.0,46.0
tough,2.1504616926202074,42.0,28.0
accommodating,2.1510885890026445,1485.0,1548.0
met,2.1524718597419383,742.0,748.0
saturday,2.154960650183349,61.0,45.0
handled,2.165746502931684,28.0,16.0
outlets,2.165746502931684,28.0,16.0
free,2.183235735539422,406.0,392.0
fact,2.1835983876487504,167.0,147.0
rented,2.1851600417924164,192.0,172.0
considering,2.1868234406112443,85.0,67.0
helps,2.187598893910381,33.0,20.0
messaging,2.1950859130807743,27.0,15.0
fascinating,2.1950859130807743,27.0,15.0
character,2.212325735132208,129.0,109.0
yes,2.2169296294071765,79.0,61.0
cleanliness,2.2252696992661067,95.0,76.0
normal,2.2259524226701015,45.0,30.0
heard,2.2330060874182185,93.0,74.0
photo,2.234033359473079,53.0,37.0
dropped,2.234033359473079,53.0,37.0
interaction,2.234033359473079,53.0,37.0
arrangement,2.2364547106612673,31.0,18.0
address,2.2412857975287888,44.0,29.0
manner,2.2412857975287888,44.0,29.0
hassle,2.2470523089951855,74.0,56.0
century,2.260133635739055,36.0,22.0
booked,2.26140885486438,245.0,224.0
require,2.263353211295334,30.0,17.0
rest,2.2711782279837216,258.0,237.0
comforter,2.274327011965374,42.0,27.0
stops,2.289907808704759,186.0,164.0
accommodate,2.2929715542146023,174.0,152.0
getting,2.303495816883867,641.0,635.0
uphill,2.3057362315208296,34.0,20.0
flying,2.3057362315208296,34.0,20.0
music,2.3101767579918766,150.0,128.0
asleep,2.310902366619386,40.0,25.0
despite,2.3112953484487044,149.0,127.0
wireless,2.3137906226810467,47.0,31.0
brother,2.3301384360021777,54.0,37.0
concerned,2.3301384360021777,54.0,37.0
represented,2.3306487004654803,33.0,19.0
based,2.3348550459477684,63.0,45.0
smelled,2.3427875110409184,53.0,36.0
initial,2.34558080889566,45.0,29.0
flat,2.3467129515978282,231.0,208.0
mexican,2.3557668095867235,27.0,14.0
sliding,2.3557668095867235,27.0,14.0
honest,2.3557668095867235,27.0,14.0
weekends,2.357121755803241,32.0,18.0
fold,2.357121755803241,32.0,18.0
stopped,2.3626386538959148,44.0,28.0
gets,2.376023496240427,96.0,75.0
cramped,2.3805385942155572,43.0,27.0
difficulty,2.3852832830100468,31.0,17.0
rent,2.391524487058653,216.0,192.0
cool,2.3946071519490526,701.0,695.0
museum,2.395479563212491,92.0,71.0
matter,2.3998397239721085,57.0,39.0
lisa's,2.3998397239721085,57.0,39.0
explained,2.4116028330277146,89.0,68.0
challenge,2.419091106241009,41.0,25.0
realize,2.4214092145918875,35.0,20.0
pick,2.424723112976199,154.0,130.0
ones,2.43115190200238,47.0,30.0
exercise,2.4472361253997703,29.0,15.0
laptop,2.4472361253997703,29.0,15.0
television,2.4482955783123526,46.0,29.0
folks,2.455171647767361,82.0,61.0
discovered,2.46173985210591,39.0,23.0
couple,2.4747357200320543,684.0,674.0
restroom,2.4750646721363414,33.0,18.0
july,2.4796848771318714,59.0,40.0
hills,2.4801340884571745,68.0,48.0
david's,2.4801340884571745,68.0,48.0
usually,2.4844546982325673,78.0,57.0
means,2.4850456854055296,44.0,27.0
code,2.4872707502281055,105.0,82.0
cap,2.492242786677969,58.0,39.0
consider,2.498673196597236,146.0,121.0
tight,2.5088869747988793,75.0,54.0
cause,2.5177251767029425,27.0,13.0
general,2.5210861273644616,98.0,75.0
dry,2.5347081084419383,36.0,20.0
quirky,2.545385297128727,62.0,42.0
suggest,2.547672432086142,108.0,84.0
calls,2.5617801043587733,35.0,19.0
concerns,2.56821696881035,90.0,67.0
messaged,2.5684328436680004,30.0,15.0
mariners,2.5684328436680004,30.0,15.0
leaving,2.5778114748296197,169.0,142.0
happened,2.5866073599151775,67.0,46.0
prepared,2.5887846452815646,217.0,189.0
buy,2.5902197999737213,76.0,54.0
washing,2.60878482207985,74.0,52.0
discovery,2.60878482207985,74.0,52.0
rustic,2.6407968630961705,28.0,13.0
asking,2.6687075954653605,47.0,28.0
carry,2.673704218429004,36.0,19.0
cooler,2.673704218429004,36.0,19.0
shoes,2.676219802103772,41.0,23.0
handle,2.6865760149843423,31.0,15.0
adult,2.6865760149843423,31.0,15.0
desk,2.6893303559460184,96.0,71.0
rate,2.695873286396082,66.0,44.0
polite,2.700545540511723,74.0,51.0
spa,2.7030195250863467,58.0,37.0
concern,2.709230194127241,51.0,31.0
self,2.7214216878513784,64.0,42.0
limited,2.7214216878513784,64.0,42.0
stations,2.7224695593540655,30.0,14.0
purpose,2.7224695593540655,30.0,14.0
going,2.7239093553555183,626.0,604.0
straight,2.735235985770102,101.0,75.0
children,2.7406565048774594,148.0,119.0
saw,2.7452482375426497,171.0,141.0
sensitive,2.747366574433041,49.0,29.0
changed,2.74875558369121,62.0,40.0
cab,2.7576836221531087,110.0,83.0
regarding,2.7632144210970226,109.0,82.0
squeaky,2.7671570474902043,33.0,16.0
arrange,2.7671570474902043,33.0,16.0
clothes,2.7805893582603383,106.0,79.0
basically,2.781847440811379,84.0,59.0
heavy,2.7888079002653647,47.0,27.0
directly,2.794619852150194,132.0,103.0
blocks,2.7963225853383014,730.0,710.0
hand,2.7986137559604236,131.0,102.0
checkout,2.822790738039587,89.0,63.0
point,2.8235472861480373,189.0,157.0
unless,2.8240276069490546,51.0,30.0
bringing,2.8240276069490546,51.0,30.0
promptly,2.8269674663757796,187.0,155.0
dog,2.829200066537957,373.0,340.0
feedback,2.8330593413435903,40.0,21.0
pots,2.8401496989664423,87.0,61.0
water,2.8431318090128075,726.0,704.0
twice,2.858441440101273,85.0,59.0
hardly,2.8795982200112418,54.0,32.0
relatively,2.887770301288861,82.0,56.0
challenging,2.890715702464847,38.0,19.0
stand,2.8988283601196754,53.0,31.0
large,2.9075951729681453,556.0,525.0
satisfied,2.9102031045741676,72.0,47.0
moved,2.9102031045741676,72.0,47.0
football,2.9142436220176893,33.0,15.0
inconvenience,2.9142436220176893,33.0,15.0
double,2.9363021438645296,70.0,45.0
facility,2.9513119800894048,32.0,14.0
texts,2.954497109979062,84.0,57.0
adults,2.9565204289557885,126.0,95.0
suited,2.9622314357708057,92.0,64.0
apartments,2.964041708282874,68.0,43.0
disappointed,2.9660014406684283,112.0,82.0
blankets,2.9669924420242406,124.0,93.0
woke,2.9712221340475335,61.0,37.0
pull,2.980571138276038,90.0,62.0
fast,2.9868658465561446,218.0,182.0
flights,2.9882680957393855,35.0,16.0
noticed,2.9883286240840152,60.0,36.0
comfortably,2.988845416403899,166.0,132.0
safety,2.990236619931418,31.0,13.0
emily's,2.990236619931418,31.0,13.0
company,2.992831440675056,108.0,78.0
figure,2.99355969556744,66.0,41.0
mattresses,2.9959685062281967,39.0,19.0
chair,3.021491554674066,78.0,51.0
sufficient,3.0240186353913283,34.0,15.0
portable,3.0240186353913283,34.0,15.0
answered,3.0635195978714265,234.0,196.0
site,3.071807474323899,130.0,97.0
let,3.08291197681178,508.0,470.0
blinds,3.0951121629995977,36.0,16.0
initially,3.0951121629995977,36.0,16.0
don't,3.0969140408591525,568.0,531.0
netflix,3.0973032534701948,138.0,104.0
beware,3.1006524766033077,32.0,13.0
pans,3.1173849460577583,85.0,56.0
funky,3.1173849460577583,85.0,56.0
pleasant,3.1262914771709,637.0,601.0
replied,3.1263708924546565,53.0,29.0
blanket,3.139284803811209,43.0,21.0
properties,3.1415235167209437,31.0,12.0
reviews,3.158572911971491,186.0,148.0
towels,3.1620021633286783,646.0,609.0
student,3.164687503501979,38.0,17.0
pikes,3.1681978250899245,137.0,102.0
requested,3.1805226666202846,46.0,23.0
baseball,3.183981095698044,30.0,11.0
tried,3.1876010174618084,112.0,79.0
dishwasher,3.194823463882779,66.0,39.0
suitable,3.19961514340639,37.0,16.0
appeared,3.200351853754853,41.0,19.0
that's,3.205489462779822,210.0,170.0
computer,3.2085494588211527,45.0,22.0
managed,3.211949203695609,71.0,43.0
reservation,3.2134092619629864,169.0,131.0
bathroom,3.216881623163265,1660.0,1674.0
described,3.219953237851591,1097.0,1077.0
enter,3.230259942411852,64.0,37.0
able,3.2322070630364887,1089.0,1068.0
apparently,3.2360223947658766,36.0,15.0
buildings,3.2360223947658766,36.0,15.0
worth,3.2374004034302595,197.0,157.0
connect,3.2377126561893372,44.0,21.0
pike's,3.2395009468198745,178.0,139.0
drop,3.251594284124951,134.0,98.0
checkin,3.261008953113476,68.0,40.0
sports,3.266662613709881,39.0,17.0
drawback,3.266662613709881,39.0,17.0
cars,3.2962346994624916,66.0,38.0
generally,3.2962346994624916,66.0,38.0
okay,3.296311244164347,78.0,48.0
stadium,3.2996247936334777,42.0,19.0
centrally,3.304989106240475,235.0,192.0
feet,3.3092283606983117,71.0,42.0
slept,3.3200112051742554,354.0,308.0
fit,3.3250714234037058,204.0,162.0
housemates,3.33452294199487,30.0,10.0
tidy,3.3570826622120817,296.0,250.0
straightforward,3.3665606149919474,40.0,17.0
different,3.3809267148076696,246.0,201.0
garage,3.3847640787651896,185.0,143.0
warned,3.3956657799758263,32.0,11.0
understand,3.397015570485018,56.0,29.0
nightlife,3.415311380015293,96.0,62.0
underground,3.4156410624280578,35.0,13.0
bathrooms,3.420473185813578,129.0,91.0
near,3.425368125752702,738.0,694.0
allowed,3.426717045121532,247.0,201.0
alley,3.4375526828251597,64.0,35.0
business,3.4543496206815467,214.0,169.0
term,3.4614437422164666,68.0,38.0
connection,3.462717376255316,92.0,58.0
event,3.4683040212353737,85.0,52.0
heater,3.4747179506532615,141.0,101.0
noises,3.4765684213595347,37.0,14.0
listed,3.490113225389072,120.0,82.0
roll,3.497292458559167,33.0,11.0
actual,3.500477090428011,66.0,36.0
expecting,3.5093047779706303,56.0,28.0
residents,3.5156199129951915,36.0,13.0
central,3.5407712313996127,375.0,323.0
looking,3.541404284951775,909.0,866.0
missing,3.5418769301317,64.0,34.0
negative,3.542546666543015,86.0,52.0
units,3.5541683817762784,46.0,20.0
avenue,3.55466665769892,50.0,23.0
broadway,3.5571437936636223,105.0,68.0
later,3.55812863448694,214.0,167.0
follow,3.573948924365709,90.0,55.0
wouldn't,3.5911832880148893,204.0,157.0
district,3.5915922647812004,314.0,262.0
constant,3.596001612598861,41.0,16.0
busy,3.6071924333013556,302.0,250.0
impossible,3.6132725424181964,37.0,13.0
i'd,3.6246626492885063,450.0,395.0
toaster,3.644524443078249,51.0,23.0
listing,3.6461466553873727,665.0,611.0
seatac,3.648412871983524,55.0,26.0
minutes,3.651004491219592,900.0,852.0
messages,3.6517047291547358,176.0,130.0
purposes,3.652818812988569,36.0,12.0
jennifer's,3.6545416548169944,43.0,17.0
sort,3.6569250743487625,59.0,29.0
turned,3.659172221222888,110.0,71.0
instead,3.6717185192394575,124.0,83.0
heat,3.671804699115557,172.0,126.0
properly,3.6774133959622533,32.0,9.0
unable,3.678766549812262,46.0,19.0
pine,3.686236673934331,77.0,43.0
vintage,3.6919198580474735,107.0,68.0
prompt,3.710223318827777,231.0,180.0
bothered,3.7326439098926603,34.0,10.0
security,3.7329946546002017,52.0,23.0
website,3.7399495032439796,141.0,97.0
needle,3.7519684299321128,517.0,458.0
hard,3.7653347975142006,246.0,193.0
money,3.769432996508381,129.0,86.0
request,3.7766484470088173,164.0,117.0
trying,3.782076000136414,106.0,66.0
towel,3.7850279809121594,82.0,46.0
paid,3.787217525820674,67.0,34.0
right,3.8052016113678837,1620.0,1597.0
dogs,3.818245724360794,189.0,139.0
slight,3.818665635278197,42.0,15.0
conference,3.8221564264627963,177.0,128.0
told,3.82310312932851,188.0,138.0
smoothly,3.8448308226377996,114.0,72.0
doesn't,3.8561433337592805,135.0,90.0
owner,3.8626067113934015,151.0,104.0
bar,3.875097785264827,297.0,239.0
supposed,3.8787297401301952,37.0,11.0
stated,3.880217347376729,72.0,37.0
friday,3.8812811115006958,51.0,21.0
safeco,3.8812811115006958,51.0,21.0
required,3.881580576126542,63.0,30.0
received,3.8857169465823302,98.0,58.0
host's,3.8919642649451553,47.0,18.0
bathtub,3.894852671784266,81.0,44.0
somewhat,3.901635063024561,71.0,36.0
access,3.942901061680088,1185.0,1134.0
hold,3.946179094096733,69.0,34.0
reasonably,3.9595247334063157,60.0,27.0
bed,3.9733566423316984,2666.0,2697.0
merchants,3.9773428478482056,48.0,1.0
eventually,3.98520287994262,34.0,8.0
aren't,3.9931105579962174,67.0,32.0
basics,4.005525720262733,85.0,46.0
ear,4.014245627908023,62.0,28.0
roommates,4.0335269969601715,43.0,14.0
anna's,4.0335269969601715,43.0,14.0
there's,4.036777299605808,375.0,310.0
strange,4.039266171018994,36.0,9.0
contact,4.047934947182452,298.0,236.0
artsy,4.051984930153799,53.0,21.0
ceilings,4.056118796558768,73.0,36.0
complaints,4.059562371132356,109.0,65.0
turn,4.080694133694585,81.0,42.0
columbia,4.090262733910828,172.0,119.0
complain,4.091160156931499,38.0,10.0
curtains,4.0994295427430165,48.0,17.0
bartender,4.1038312877035095,54.0,1.0
clear,4.109724066799602,409.0,341.0
walk,4.1196214547892644,2513.0,2523.0
communication,4.13208582896962,732.0,661.0
proximity,4.142694985121029,202.0,145.0
ended,4.17664685442679,177.0,122.0
capital,4.181754563360161,205.0,147.0
noted,4.186305545140141,56.0,22.0
reviewers,4.217448405146959,55.0,21.0
hallway,4.217448405146959,55.0,21.0
major,4.2257412867733555,207.0,148.0
minimal,4.236758312145575,58.0,23.0
biggest,4.239362349136868,44.0,13.0
budget,4.257554234210289,61.0,25.0
maintenance,4.257782585685274,40.0,10.0
sheet,4.28672003109382,60.0,24.0
team,4.287209962743227,46.0,14.0
doors,4.290603897658659,104.0,58.0
cold,4.296916530259964,214.0,153.0
awkward,4.328954453882597,37.0,7.0
smells,4.334141371831018,36.0,6.0
appartment,4.349093912452813,86.0,43.0
store,4.3539248407155515,419.0,344.0
description,4.376563568598726,403.0,328.0
complaint,4.390139095801147,84.0,41.0
south,4.406154175617576,107.0,59.0
located,4.415915057442485,1580.0,1520.0
artists,4.416905676058663,43.0,2.0
weird,4.416942870579281,42.0,10.0
fault,4.425549323778019,59.0,22.0
locked,4.425549323778019,59.0,22.0
garbage,4.434689949514877,45.0,12.0
minute,4.438131924958928,916.0,835.0
paying,4.441515092840357,55.0,19.0
condo,4.447416774073681,459.0,380.0
safeway,4.455365922168682,99.0,52.0
guess,4.487828895341073,57.0,20.0
curtain,4.493919309985182,43.0,10.0
ron's,4.493919309985182,43.0,10.0
stuff,4.494669298282835,217.0,152.0
futon,4.5351528131723,109.0,59.0
plugs,4.5374182784525825,66.0,26.0
historic,4.541455765361782,119.0,67.0
actually,4.545105050407362,355.0,278.0
melrose,4.550297987808754,47.0,2.0
situation,4.570163737226953,102.0,53.0
resolved,4.606518217434175,40.0,6.0
amtrak,4.606518217434175,40.0,6.0
called,4.622861297948826,160.0,100.0
smooth,4.636475853766647,187.0,123.0
sketchy,4.6368672550426515,40.0,5.0
option,4.636869641066932,134.0,78.0
pressure,4.636869641066932,134.0,78.0
password,4.664215759028,48.0,12.0
text,4.664722406481682,299.0,223.0
priced,4.676103355196175,72.0,29.0
international,4.691029568326656,87.0,40.0
game,4.7042645487416594,140.0,82.0
expensive,4.713112453090456,82.0,36.0
responded,4.721213458700992,335.0,255.0
smaller,4.736998929971108,81.0,35.0
inconvenient,4.752618214645501,42.0,5.0
fee,4.766088523262003,55.0,16.0
living,4.768110028474859,770.0,675.0
robert's,4.7884965772767245,46.0,3.0
stuffy,4.808464911364413,43.0,5.0
used,4.83148947345458,482.0,391.0
light,4.840451404108581,893.0,795.0
cafe,4.885674201703638,223.0,150.0
reasonable,4.923679078191056,119.0,62.0
rebecca's,4.924706951365243,81.0,33.0
highway,4.93660703565907,123.0,65.0
bring,4.9469847361692905,214.0,141.0
parking,4.951175028580897,1892.0,1813.0
neighbors,4.957659940624425,142.0,80.0
musty,4.968592053578559,46.0,5.0
adam's,4.968592053578559,46.0,5.0
overnight,4.973488089168027,107.0,52.0
field,4.987540337953839,68.0,23.0
bunk,5.02478355936064,47.0,6.0
starbucks,5.027476359851346,100.0,46.0
upstairs,5.048087961792247,304.0,219.0
advertised,5.053259574462249,389.0,297.0
fixed,5.055382793649715,76.0,28.0
market,5.057491161068402,938.0,831.0
given,5.078929384375719,226.0,149.0
liked,5.07938234279028,318.0,231.0
rooms,5.081058520168385,379.0,287.0
luggage,5.08197308755395,218.0,142.0
club,5.095372919219898,50.0,4.0
responsive,5.10496313763811,969.0,860.0
basement,5.112480499064418,426.0,330.0
minor,5.113806643566716,104.0,48.0
smoke,5.118661965015658,49.0,5.0
fix,5.126274492257311,70.0,23.0
roku,5.130613177156539,56.0,13.0
pay,5.141251200678495,111.0,53.0
college,5.154843137289632,69.0,22.0
use,5.155976182708903,1048.0,937.0
slightly,5.1780880261256135,75.0,26.0
sink,5.1967441693264815,104.0,47.0
middle,5.206872264264899,209.0,132.0
rules,5.221439902914729,111.0,52.0
cleaner,5.222649774821964,70.0,22.0
expect,5.223398017435051,207.0,130.0
carpet,5.23944350627237,59.0,14.0
blair's,5.259845246804785,52.0,5.0
trouble,5.27876903647156,182.0,108.0
service,5.300494700171964,225.0,144.0
conditioning,5.303192230213733,99.0,42.0
couch,5.309271550035727,270.0,183.0
bother,5.310208578196612,137.0,71.0
luckily,5.321070917448736,63.0,16.0
earplugs,5.32414602934161,87.0,33.0
steep,5.341279983215905,109.0,49.0
fair,5.349386215976412,86.0,32.0
ceiling,5.361524963535716,108.0,48.0
balcony,5.380170286234509,215.0,134.0
closed,5.38207277195331,107.0,47.0
freeway,5.40178076609216,155.0,84.0
shared,5.408666642151105,295.0,203.0
stadiums,5.431657752368477,62.0,14.0
box,5.445427160289006,133.0,66.0
apt,5.447576903755647,388.0,286.0
dark,5.449816286567947,124.0,59.0
mind,5.4528544950495,213.0,131.0
roommate,5.479587633933291,81.0,27.0
instructions,5.500408294627236,543.0,429.0
paper,5.528374528705778,104.0,43.0
quick,5.538337276088089,1034.0,906.0
elevator,5.539516703055503,59.0,10.0
shower,5.5530735245837874,714.0,591.0
probably,5.566147389089537,253.0,163.0
outside,5.587109609018072,549.0,432.0
notice,5.589282979172083,156.0,82.0
street,5.5971626962973335,1546.0,1419.0
affordable,5.607087209228745,150.0,77.0
response,5.620186555914409,123.0,56.0
respond,5.634185576973628,340.0,238.0
accurate,5.668263444901974,427.0,316.0
tenants,5.68984128186866,65.0,13.0
maybe,5.692359742215066,163.0,86.0
slow,5.706211279267149,63.0,11.0
big,5.713407819712615,647.0,521.0
process,5.7210335069938525,349.0,244.0
flexible,5.726925081403705,457.0,342.0
tricky,5.756083249318104,84.0,26.0
needs,5.760387051006552,656.0,528.0
pros,5.775155021124932,69.0,15.0
early,5.792052357795219,595.0,469.0
hour,5.79786821190012,218.0,129.0
walls,5.819938375962333,113.0,46.0
waterfront,5.828215912982338,198.0,112.0
quickly,5.83224251710463,497.0,376.0
difficult,5.868308083907957,184.0,100.0
uncomfortable,5.893815037936206,106.0,40.0
sheets,5.936122997248863,245.0,149.0
fans,5.9581939771876335,133.0,59.0
main,5.970270722932086,406.0,289.0
wash,5.978276980297839,113.0,44.0
hot,5.992639074113401,557.0,427.0
previous,6.0128910486635485,138.0,62.0
weren't,6.019241153060455,177.0,92.0
adequate,6.0446025743057215,103.0,36.0
traffic,6.048537124232521,276.0,173.0
belltown,6.060693309596338,156.0,75.0
unfortunately,6.067006548553924,219.0,125.0
michael's,6.07632619150298,72.0,13.0
train,6.09826334492335,227.0,131.0
working,6.10254730555943,221.0,126.0
sofa,6.11483948434944,184.0,96.0
decent,6.1255997514211264,103.0,35.0
it's,6.13773836606592,2186.0,2041.0
party,6.148466400229533,191.0,101.0
sleeper,6.1698903577788045,115.0,43.0
manager,6.175000174108259,75.0,14.0
fairly,6.209485163092982,168.0,82.0
hear,6.2323320650392215,265.0,160.0
bedrooms,6.278464588334856,242.0,140.0
late,6.286861452772222,870.0,714.0
lock,6.301282824589406,162.0,76.0
checking,6.314481655585888,327.0,211.0
cons,6.316290355338982,75.0,11.0
fancy,6.327423017458195,91.0,24.0
homeless,6.3414013499187325,75.0,10.0
mattress,6.380139627910814,237.0,134.0
pool,6.426684360635692,86.0,19.0
convenient,6.452635582085343,1699.0,1526.0
stairs,6.452773179400616,182.0,89.0
hostel,6.476048180390726,78.0,9.0
you're,6.477685478226811,653.0,501.0
cheap,6.5409959179397905,126.0,46.0
aware,6.562159218984453,125.0,45.0
bars,6.599352603526889,992.0,819.0
broken,6.5994618902150215,81.0,10.0
expected,6.603340743769841,439.0,302.0
rail,6.628099711090937,479.0,337.0
downtown,6.658792022995249,3768.0,3642.0
amy's,6.680950972999431,99.0,25.0
unit,6.6894700328865735,813.0,644.0
construction,6.7225120311158655,142.0,55.0
open,6.745953242668699,557.0,404.0
simple,6.767300119265307,374.0,241.0
complex,6.9021169531784805,98.0,21.0
deal,6.902233351213469,291.0,168.0
pike,6.928648312171951,706.0,535.0
bad,6.970235703087215,219.0,109.0
lack,6.984362852112975,105.0,25.0
downside,7.112809238939723,123.0,36.0
pillow,7.174159794724298,120.0,33.0
work,7.2130047503659975,804.0,616.0
bungalow,7.334868779825616,146.0,49.0
hours,7.354020214768744,344.0,202.0
low,7.363671522501603,169.0,65.0
airport,7.377557056646965,474.0,312.0
square,7.399699542215658,167.0,63.0
isn't,7.497628302618528,206.0,90.0
beds,7.5231744185183285,590.0,410.0
value,7.596485416433118,285.0,149.0
group,7.622102284062377,307.0,166.0
bedroom,7.630129955968883,941.0,728.0
sleeping,7.688788368057434,310.0,167.0
internet,7.693124612359038,290.0,151.0
georgetown,7.6975674163553185,123.0,7.0
mentioned,7.72837342213991,214.0,92.0
said,7.763334048574332,382.0,224.0
cleaned,7.886137091519433,130.0,29.0
downstairs,7.886677359694663,334.0,182.0
door,7.895745190429873,803.0,590.0
capitol,7.9211088453852145,946.0,721.0
toilet,7.930643046732384,149.0,42.0
pioneer,7.955238441859824,168.0,55.0
worked,8.275612614356595,568.0,368.0
basic,8.303348814043439,225.0,90.0
older,8.315256741931147,182.0,59.0
window,8.37167290689175,313.0,155.0
old,8.379558684854565,582.0,377.0
problems,8.435082372083626,246.0,103.0
staff,8.447388013551802,139.0,25.0
dirty,8.563872321933623,142.0,11.0
small,8.667775174475528,1047.0,784.0
close,8.69382443457665,2933.0,2620.0
hill,8.96393140863579,1463.0,1160.0
smell,8.985725318080373,151.0,21.0
crash,9.085980265069631,162.0,30.0
easy,9.091556240670384,4412.0,4089.0
windows,9.396338806928416,518.0,294.0
keys,9.74457686445986,329.0,138.0
cleaning,9.891767314522228,205.0,46.0
problem,10.254858196629856,635.0,365.0
issues,10.902101964729994,353.0,130.0
issue,10.993974554674159,430.0,184.0
noisy,11.141374604035416,269.0,65.0
wifi,11.256954160750208,568.0,282.0
pretty,11.690206943820662,861.0,504.0
sleep,11.773509197550984,673.0,349.0
fine,11.89391222644845,477.0,196.0
people,11.929320571706162,1241.0,818.0
loud,12.300383831552756,286.0,44.0
wasn't,12.713631953278806,611.0,273.0
overall,13.833901669664396,1220.0,718.0
didn't,14.33208336339347,1948.0,1319.0
price,15.124048901213024,662.0,238.0
room,15.787232312006363,5453.0,4486.0
noise,15.800812173022862,734.0,268.0
location,15.952834780284542,7367.0,6344.0
check,16.524208685256127,2347.0,1542.0
building,18.470867438454427,1062.0,409.0
apartment,19.483215287215756,6900.0,5494.0
